[19:37:30] [main/INFO] (FabricLoader/GameProvider) Loading Minecraft 1.21.11 with Fabric Loader 0.19.3
[19:37:30] [main/DEBUG] (FabricLoader/GamePatch) Found game constructor: net.minecraft.client.main.Main -> net.minecraft.client.Minecraft
[19:37:30] [main/DEBUG] (FabricLoader/GamePatch) Patching game constructor <init>(Lnet/minecraft/client/main/GameConfig;)V
[19:37:30] [main/DEBUG] (FabricLoader/GamePatch) Run directory field is thought to be net/minecraft/client/Minecraft/gameDirectory
[19:37:30] [main/DEBUG] (FabricLoader/GamePatch) Applying brand name hook to net/minecraft/client/ClientBrandRetriever::getClientModName
[19:37:30] [main/DEBUG] (FabricLoader/GamePatch) Applying brand name hook to net/minecraft/server/MinecraftServer::getServerModName
[19:37:30] [main/DEBUG] (FabricLoader/GamePatch) Patched 3 classs
[19:37:30] [main/DEBUG] (FabricLoader/Discovery) Mod discovery time: 20.6 ms
[19:37:30] [main/DEBUG] (FabricLoader/Resolution) Mod resolution time: 57.6 ms
[19:37:30] [main/INFO] (FabricLoader) Loading 8 mods:
	- fabric-api-base 1.0.5+4ebb5c083e
	- fabric-resource-loader-v1 1.0.10+78c8b4663e
	- fabricloader 0.19.3
	- java 21
	- meteor-client 1.21.11-85
	- minecraft 1.21.11
	- mixinextras 0.5.4
	- new 0.2.0+mc1.21.11
[19:37:30] [main/DEBUG] (FabricLoader/Knot) Adding C:\Users\utilisateur\.gradle\caches\modules-2\files-2.1\io.github.llamalad7\mixinextras-fabric\0.5.4\5e167154bcb9942111313a5e186e16cd7265f858\mixinextras-fabric-0.5.4.jar to classpath.
[19:37:30] [main/DEBUG] (FabricLoader/Knot) Adding C:\Users\utilisateur\Desktop\New-Meteor-Addon\.gradle\loom-cache\remapped_mods\remapped\net\fabricmc\fabric-api\fabric-api-base-4abd26ae\1.0.5+4ebb5c083e\fabric-api-base-4abd26ae-1.0.5+4ebb5c083e.jar to classpath.
[19:37:30] [main/DEBUG] (FabricLoader/Knot) Adding C:\Users\utilisateur\Desktop\New-Meteor-Addon\.gradle\loom-cache\remapped_mods\remapped\meteordevelopment\meteor-client-4abd26ae\1.21.11-SNAPSHOT\meteor-client-4abd26ae-1.21.11-SNAPSHOT.jar to classpath.
[19:37:30] [main/DEBUG] (FabricLoader/Knot) Adding C:\Users\utilisateur\Desktop\New-Meteor-Addon\.gradle\loom-cache\remapped_mods\remapped\net\fabricmc\fabric-api\fabric-resource-loader-v1-4abd26ae\1.0.10+78c8b4663e\fabric-resource-loader-v1-4abd26ae-1.0.10+78c8b4663e.jar to classpath.
[19:37:30] [main/DEBUG] (FabricLoader/Knot) Adding C:\Users\utilisateur\Desktop\New-Meteor-Addon\versions\1.21.11\build\resources\main to classpath.
[19:37:30] [main/DEBUG] (FabricLoader/Entrypoint) Registering new-style initializer meteordevelopment.meteorclient.modintegration.ModMenuIntegration for mod meteor-client (key modmenu)
[19:37:30] [main/DEBUG] (FabricLoader/Entrypoint) Registering new-style initializer meteordevelopment.meteorclient.MeteorClient for mod meteor-client (key client)
[19:37:30] [main/DEBUG] (FabricLoader/Entrypoint) Registering new-style initializer fr.nyuway.newaddon.NewAddon for mod new (key meteor)
[19:37:30] [main/INFO] (FabricLoader/Mixin) SpongePowered MIXIN Subsystem Version=0.8.7 Source=file:/C:/Users/utilisateur/.gradle/caches/modules-2/files-2.1/net.fabricmc/sponge-mixin/0.17.3+mixin.0.8.7/41c4a3984a80f4679e759fb9f495587acc5cdac7/sponge-mixin-0.17.3+mixin.0.8.7.jar Service=Knot/Fabric Env=CLIENT
[19:37:30] [main/DEBUG] (FabricLoader/Mixin) Initialising Mixin Platform Manager
[19:37:30] [main/DEBUG] (FabricLoader/Mixin) Adding mixin platform agents for container ContainerHandleURI(file:///C:/Users/utilisateur/.gradle/caches/modules-2/files-2.1/net.fabricmc/fabric-loader/0.19.3/354dfaa02d0552e11867f85dff7cdbfaf813ba3e/fabric-loader-0.19.3.jar)
[19:37:30] [main/DEBUG] (FabricLoader/Mixin) Instancing new MixinPlatformAgentDefault for ContainerHandleURI(file:///C:/Users/utilisateur/.gradle/caches/modules-2/files-2.1/net.fabricmc/fabric-loader/0.19.3/354dfaa02d0552e11867f85dff7cdbfaf813ba3e/fabric-loader-0.19.3.jar)
[19:37:30] [main/DEBUG] (FabricLoader/Mixin) MixinPlatformAgentDefault accepted container ContainerHandleURI(file:///C:/Users/utilisateur/.gradle/caches/modules-2/files-2.1/net.fabricmc/fabric-loader/0.19.3/354dfaa02d0552e11867f85dff7cdbfaf813ba3e/fabric-loader-0.19.3.jar)
[19:37:30] [main/DEBUG] (FabricLoader/Mixin) Instancing new MixinPlatformAgentDefault for ContainerHandleURI(file:///C:/Users/utilisateur/.gradle/caches/modules-2/files-2.1/net.fabricmc/fabric-loader/0.19.3/354dfaa02d0552e11867f85dff7cdbfaf813ba3e/fabric-loader-0.19.3.jar)
[19:37:30] [main/DEBUG] (FabricLoader/Mixin) MixinPlatformAgentDefault accepted container ContainerHandleURI(file:///C:/Users/utilisateur/.gradle/caches/modules-2/files-2.1/net.fabricmc/fabric-loader/0.19.3/354dfaa02d0552e11867f85dff7cdbfaf813ba3e/fabric-loader-0.19.3.jar)
[19:37:30] [main/DEBUG] (FabricLoader/Mixin) Processing prepare() for PlatformAgent[MixinPlatformAgentDefault:ContainerHandleURI(file:///C:/Users/utilisateur/.gradle/caches/modules-2/files-2.1/net.fabricmc/fabric-loader/0.19.3/354dfaa02d0552e11867f85dff7cdbfaf813ba3e/fabric-loader-0.19.3.jar)]
[19:37:30] [main/DEBUG] (FabricLoader/Mixin) Processing prepare() for PlatformAgent[MixinPlatformAgentDefault:ContainerHandleURI(file:///C:/Users/utilisateur/.gradle/caches/modules-2/files-2.1/net.fabricmc/fabric-loader/0.19.3/354dfaa02d0552e11867f85dff7cdbfaf813ba3e/fabric-loader-0.19.3.jar)]
[19:37:30] [main/INFO] (FabricLoader/Mixin) Loaded Fabric development mappings for mixin remapper!
[19:37:30] [main/DEBUG] (FabricLoader/Mixin) Compatibility level JAVA_21 specified by meteor-client.mixins.json is higher than the maximum level supported by this version of mixin (JAVA_13).
[19:37:30] [main/INFO] (FabricLoader/Mixin) Compatibility level set to JAVA_21
[19:37:30] [main/DEBUG] (FabricLoader/Mixin) Mixin config meteor-client.mixins.json does not specify "minVersion" or "requiredFeatures" property
[19:37:30] [main/DEBUG] (FabricLoader/Mixin) Mixin config meteor-client-baritone.mixins.json does not specify "minVersion" or "requiredFeatures" property
[19:37:30] [main/DEBUG] (FabricLoader/Mixin) Mixin config meteor-client-indigo.mixins.json does not specify "minVersion" or "requiredFeatures" property
[19:37:30] [main/DEBUG] (FabricLoader/Mixin) Mixin config meteor-client-sodium.mixins.json does not specify "minVersion" or "requiredFeatures" property
[19:37:30] [main/DEBUG] (FabricLoader/Mixin) Mixin config meteor-client-lithium.mixins.json does not specify "minVersion" or "requiredFeatures" property
[19:37:30] [main/DEBUG] (FabricLoader/Mixin) Mixin config meteor-client-viafabricplus.mixins.json does not specify "minVersion" or "requiredFeatures" property
[19:37:30] [main/DEBUG] (FabricLoader/Mixin) Mixin config fabric-resource-loader-v1.mixins.json does not specify "minVersion" or "requiredFeatures" property
[19:37:30] [main/DEBUG] (FabricLoader/Mixin) Mixin config fabric-resource-loader-v1.client.mixins.json does not specify "minVersion" or "requiredFeatures" property
[19:37:30] [main/DEBUG] (FabricLoader/Knot) Adding C:\Users\utilisateur\Desktop\New-Meteor-Addon\.gradle\loom-cache\minecraftMaven\net\minecraft\minecraft-merged-2e2da1d6a6\1.21.11-loom.mappings.1_21_11.layered+hash.2198-v2\minecraft-merged-2e2da1d6a6-1.21.11-loom.mappings.1_21_11.layered+hash.2198-v2.jar to classpath.
[19:37:30] [main/DEBUG] (FabricLoader/Knot) Adding C:\Users\utilisateur\Desktop\New-Meteor-Addon\versions\1.21.11\build\classes\java\main to classpath.
[19:37:30] [main/DEBUG] (FabricLoader/Knot) Adding C:\Users\utilisateur\Desktop\New-Meteor-Addon\versions\1.21.11\build\resources\main to classpath.
[19:37:30] [main/DEBUG] (FabricLoader/Knot) Adding C:\Users\utilisateur\.gradle\caches\fabric-loom\1.21.11\loom.mappings.1_21_11.layered+hash.2198-v2\mappings.jar to classpath.
[19:37:30] [main/DEBUG] (FabricLoader/Knot) Adding C:\Users\utilisateur\.gradle\caches\modules-2\files-2.1\io.github.llamalad7\mixinextras-fabric\0.5.4\5e167154bcb9942111313a5e186e16cd7265f858\mixinextras-fabric-0.5.4.jar to classpath.
[19:37:30] [main/DEBUG] (FabricLoader/Knot) Adding C:\Users\utilisateur\.gradle\caches\modules-2\files-2.1\net.fabricmc\dev-launch-injector\0.2.1+build.8\da8bef7e6e2f952da707f282bdb46882a0fce5e3\dev-launch-injector-0.2.1+build.8.jar to classpath.
[19:37:30] [main/DEBUG] (FabricLoader/Knot) Adding C:\Users\utilisateur\.gradle\caches\modules-2\files-2.1\at.yawk.lz4\lz4-java\1.8.1\1f30a180ee04ccd53339a716aec13cae60a013b5\lz4-java-1.8.1.jar to classpath.
[19:37:30] [main/DEBUG] (FabricLoader/Knot) Adding C:\Users\utilisateur\.gradle\caches\modules-2\files-2.1\com.azure\azure-json\1.4.0\fcc1d354dbc3e0300e5276b1bf124d0247799cd8\azure-json-1.4.0.jar to classpath.
[19:37:30] [main/DEBUG] (FabricLoader/Knot) Adding C:\Users\utilisateur\.gradle\caches\modules-2\files-2.1\com.github.oshi\oshi-core\6.9.0\3224870731860cfcd7744581a05b559e94291e7\oshi-core-6.9.0.jar to classpath.
[19:37:30] [main/DEBUG] (FabricLoader/Knot) Adding C:\Users\utilisateur\.gradle\caches\modules-2\files-2.1\com.google.guava\failureaccess\1.0.3\aeaffd00d57023a2c947393ed251f0354f0985fc\failureaccess-1.0.3.jar to classpath.
[19:37:30] [main/DEBUG] (FabricLoader/Knot) Adding C:\Users\utilisateur\.gradle\caches\modules-2\files-2.1\com.google.guava\guava\33.5.0-jre\8699de25f2f979108d6c1b804a7ba38cda1116bc\guava-33.5.0-jre.jar to classpath.
[19:37:30] [main/DEBUG] (FabricLoader/Knot) Adding C:\Users\utilisateur\.gradle\caches\modules-2\files-2.1\com.ibm.icu\icu4j\77.1\38693cf0b1d7362a8b726af74dc06026a7c23809\icu4j-77.1.jar to classpath.
[19:37:30] [main/DEBUG] (FabricLoader/Knot) Adding C:\Users\utilisateur\.gradle\caches\modules-2\files-2.1\com.microsoft.azure\msal4j\1.23.1\6c722b514873b24a4e1ce9c22dca36ea3c22bdbe\msal4j-1.23.1.jar to classpath.
[19:37:30] [main/DEBUG] (FabricLoader/Knot) Adding C:\Users\utilisateur\.gradle\caches\modules-2\files-2.1\com.mojang\blocklist\1.0.10\5c685c5ffa94c4cd39496c7184c1d122e515ecef\blocklist-1.0.10.jar to classpath.
[19:37:30] [main/DEBUG] (FabricLoader/Knot) Adding C:\Users\utilisateur\.gradle\caches\modules-2\files-2.1\com.mojang\brigadier\1.3.10\d15b53a14cf20fdcaa98f731af5dda654452c010\brigadier-1.3.10.jar to classpath.
[19:37:30] [main/DEBUG] (FabricLoader/Knot) Adding C:\Users\utilisateur\.gradle\caches\modules-2\files-2.1\com.mojang\datafixerupper\9.0.19\4e91f9712fa1e83231d1501625381b0210a977da\datafixerupper-9.0.19.jar to classpath.
[19:37:30] [main/DEBUG] (FabricLoader/Knot) Adding C:\Users\utilisateur\.gradle\caches\modules-2\files-2.1\com.mojang\jtracy\1.0.37\a3fb649b2e2b2288d2978f0b0bc3d83f62809d1e\jtracy-1.0.37.jar to classpath.
[19:37:30] [main/DEBUG] (FabricLoader/Knot) Adding C:\Users\utilisateur\.gradle\caches\modules-2\files-2.1\com.mojang\jtracy\1.0.37\6ff6d710fd4ffd470f2799653fab57e27fed0c9d\jtracy-1.0.37-natives-windows.jar to classpath.
[19:37:30] [main/DEBUG] (FabricLoader/Knot) Adding C:\Users\utilisateur\.gradle\caches\modules-2\files-2.1\com.mojang\patchy\2.2.10\da05971b07cbb379d002cf7eaec6a2048211fefc\patchy-2.2.10.jar to classpath.
[19:37:30] [main/DEBUG] (FabricLoader/Knot) Adding C:\Users\utilisateur\.gradle\caches\modules-2\files-2.1\com.mojang\text2speech\1.18.11\e853a12cdd6ba4f4836e8f4bf3b37844a13482b6\text2speech-1.18.11.jar to classpath.
[19:37:30] [main/DEBUG] (FabricLoader/Knot) Adding C:\Users\utilisateur\.gradle\caches\modules-2\files-2.1\commons-codec\commons-codec\1.19.0\8c0dbe3ae883fceda9b50a6c76e745e548073388\commons-codec-1.19.0.jar to classpath.
[19:37:30] [main/DEBUG] (FabricLoader/Knot) Adding C:\Users\utilisateur\.gradle\caches\modules-2\files-2.1\commons-io\commons-io\2.20.0\36f3474daec2849c149e877614e7f979b2082cd2\commons-io-2.20.0.jar to classpath.
[19:37:30] [main/DEBUG] (FabricLoader/Knot) Adding C:\Users\utilisateur\.gradle\caches\modules-2\files-2.1\io.netty\netty-buffer\4.2.7.Final\5555ff561643bf2f8430fb57c24403c0efe15994\netty-buffer-4.2.7.Final.jar to classpath.
[19:37:30] [main/DEBUG] (FabricLoader/Knot) Adding C:\Users\utilisateur\.gradle\caches\modules-2\files-2.1\io.netty\netty-codec-base\4.2.7.Final\915e381ebabcf115f1c7ff7032d55c48afb50210\netty-codec-base-4.2.7.Final.jar to classpath.
[19:37:30] [main/DEBUG] (FabricLoader/Knot) Adding C:\Users\utilisateur\.gradle\caches\modules-2\files-2.1\io.netty\netty-codec-compression\4.2.7.Final\572341bc1ca90fd9d6e47f1d2694aab5258566e9\netty-codec-compression-4.2.7.Final.jar to classpath.
[19:37:30] [main/DEBUG] (FabricLoader/Knot) Adding C:\Users\utilisateur\.gradle\caches\modules-2\files-2.1\io.netty\netty-codec-http\4.2.7.Final\b734c108854099c421fd94d92d9f865e4d4da853\netty-codec-http-4.2.7.Final.jar to classpath.
[19:37:30] [main/DEBUG] (FabricLoader/Knot) Adding C:\Users\utilisateur\.gradle\caches\modules-2\files-2.1\io.netty\netty-common\4.2.7.Final\11aa30df26af4fca3239ac1917f303a280f301e1\netty-common-4.2.7.Final.jar to classpath.
[19:37:30] [main/DEBUG] (FabricLoader/Knot) Adding C:\Users\utilisateur\.gradle\caches\modules-2\files-2.1\io.netty\netty-handler\4.2.7.Final\7ad8a1f851e2e6fe93cdd091871fda2b81c03b5b\netty-handler-4.2.7.Final.jar to classpath.
[19:37:30] [main/DEBUG] (FabricLoader/Knot) Adding C:\Users\utilisateur\.gradle\caches\modules-2\files-2.1\io.netty\netty-resolver\4.2.7.Final\5f3e5ef8de03992cd4fb46960dc0085ec1a12a12\netty-resolver-4.2.7.Final.jar to classpath.
[19:37:30] [main/DEBUG] (FabricLoader/Knot) Adding C:\Users\utilisateur\.gradle\caches\modules-2\files-2.1\io.netty\netty-transport-classes-epoll\4.2.7.Final\1075c09f48a78eef9d819fbfd9096b903fdd362a\netty-transport-classes-epoll-4.2.7.Final.jar to classpath.
[19:37:30] [main/DEBUG] (FabricLoader/Knot) Adding C:\Users\utilisateur\.gradle\caches\modules-2\files-2.1\io.netty\netty-transport-classes-kqueue\4.2.7.Final\bdec7c23c75caabd848426d073c09568e8d5f94e\netty-transport-classes-kqueue-4.2.7.Final.jar to classpath.
[19:37:30] [main/DEBUG] (FabricLoader/Knot) Adding C:\Users\utilisateur\.gradle\caches\modules-2\files-2.1\io.netty\netty-transport-native-unix-common\4.2.7.Final\89953f04259ea7502cffb313630dd51e00e60669\netty-transport-native-unix-common-4.2.7.Final.jar to classpath.
[19:37:30] [main/DEBUG] (FabricLoader/Knot) Adding C:\Users\utilisateur\.gradle\caches\modules-2\files-2.1\io.netty\netty-transport\4.2.7.Final\83ea548981d0d8c4a98027cc1a6f9624f902e142\netty-transport-4.2.7.Final.jar to classpath.
[19:37:30] [main/DEBUG] (FabricLoader/Knot) Adding C:\Users\utilisateur\.gradle\caches\modules-2\files-2.1\it.unimi.dsi\fastutil\8.5.18\a6cff377eecc19c2037bf31568a6d7106b50ba1f\fastutil-8.5.18.jar to classpath.
[19:37:30] [main/DEBUG] (FabricLoader/Knot) Adding C:\Users\utilisateur\.gradle\caches\modules-2\files-2.1\net.java.dev.jna\jna-platform\5.17.0\a4934c44d25a9d8c2ddf4203affd20330cb3426f\jna-platform-5.17.0.jar to classpath.
[19:37:30] [main/DEBUG] (FabricLoader/Knot) Adding C:\Users\utilisateur\.gradle\caches\modules-2\files-2.1\net.java.dev.jna\jna\5.17.0\33d12735bef894440780fce64f9758d420c7bae2\jna-5.17.0.jar to classpath.
[19:37:30] [main/DEBUG] (FabricLoader/Knot) Adding C:\Users\utilisateur\.gradle\caches\modules-2\files-2.1\net.sf.jopt-simple\jopt-simple\5.0.4\4fdac2fbe92dfad86aa6e9301736f6b4342a3f5c\jopt-simple-5.0.4.jar to classpath.
[19:37:30] [main/DEBUG] (FabricLoader/Knot) Adding C:\Users\utilisateur\.gradle\caches\modules-2\files-2.1\org.apache.commons\commons-compress\1.28.0\e482f2c7a88dac3c497e96aa420b6a769f59c8d7\commons-compress-1.28.0.jar to classpath.
[19:37:30] [main/DEBUG] (FabricLoader/Knot) Adding C:\Users\utilisateur\.gradle\caches\modules-2\files-2.1\org.apache.commons\commons-lang3\3.19.0\d6524b169a6574cd253760c472d419b47bfd37e6\commons-lang3-3.19.0.jar to classpath.
[19:37:30] [main/DEBUG] (FabricLoader/Knot) Adding C:\Users\utilisateur\.gradle\caches\modules-2\files-2.1\org.jcraft\jorbis\0.0.17\8872d22b293e8f5d7d56ff92be966e6dc28ebdc6\jorbis-0.0.17.jar to classpath.
[19:37:30] [main/DEBUG] (FabricLoader/Knot) Adding C:\Users\utilisateur\.gradle\caches\modules-2\files-2.1\org.joml\joml\1.10.8\fc0a71dad90a2cf41d82a76156a0e700af8e4f8d\joml-1.10.8.jar to classpath.
[19:37:30] [main/DEBUG] (FabricLoader/Knot) Adding C:\Users\utilisateur\.gradle\caches\modules-2\files-2.1\org.jspecify\jspecify\1.0.0\7425a601c1c7ec76645a78d22b8c6a627edee507\jspecify-1.0.0.jar to classpath.
[19:37:30] [main/DEBUG] (FabricLoader/Knot) Adding C:\Users\utilisateur\.gradle\caches\modules-2\files-2.1\org.lwjgl\lwjgl-freetype\3.3.3\a0db6c84a8becc8ca05f9dbfa985edc348a824c7\lwjgl-freetype-3.3.3.jar to classpath.
[19:37:30] [main/DEBUG] (FabricLoader/Knot) Adding C:\Users\utilisateur\.gradle\caches\modules-2\files-2.1\org.lwjgl\lwjgl-freetype\3.3.3\81091b006dbb43fab04c8c638e9ac87c51b4096d\lwjgl-freetype-3.3.3-natives-windows.jar to classpath.
[19:37:30] [main/DEBUG] (FabricLoader/Knot) Adding C:\Users\utilisateur\.gradle\caches\modules-2\files-2.1\org.lwjgl\lwjgl-freetype\3.3.3\82028265a0a2ff33523ca75137ada7dc176e5210\lwjgl-freetype-3.3.3-natives-windows-arm64.jar to classpath.
[19:37:30] [main/DEBUG] (FabricLoader/Knot) Adding C:\Users\utilisateur\.gradle\caches\modules-2\files-2.1\org.lwjgl\lwjgl-freetype\3.3.3\15a8c1de7f51d07a92eae7ce1222557073a0c0c3\lwjgl-freetype-3.3.3-natives-windows-x86.jar to classpath.
[19:37:30] [main/DEBUG] (FabricLoader/Knot) Adding C:\Users\utilisateur\.gradle\caches\modules-2\files-2.1\org.lwjgl\lwjgl-glfw\3.3.3\efa1eb78c5ccd840e9f329717109b5e892d72f8e\lwjgl-glfw-3.3.3.jar to classpath.
[19:37:30] [main/DEBUG] (FabricLoader/Knot) Adding C:\Users\utilisateur\.gradle\caches\modules-2\files-2.1\org.lwjgl\lwjgl-glfw\3.3.3\e449e28b4891fc423c54c85fbc5bb0b9efece67a\lwjgl-glfw-3.3.3-natives-windows.jar to classpath.
[19:37:30] [main/DEBUG] (FabricLoader/Knot) Adding C:\Users\utilisateur\.gradle\caches\modules-2\files-2.1\org.lwjgl\lwjgl-glfw\3.3.3\f27018dc74f6289574502b46cce55d52817554e2\lwjgl-glfw-3.3.3-natives-windows-arm64.jar to classpath.
[19:37:30] [main/DEBUG] (FabricLoader/Knot) Adding C:\Users\utilisateur\.gradle\caches\modules-2\files-2.1\org.lwjgl\lwjgl-glfw\3.3.3\32334f3fd5270a59bad9939a93115acb6de36dcf\lwjgl-glfw-3.3.3-natives-windows-x86.jar to classpath.
[19:37:30] [main/DEBUG] (FabricLoader/Knot) Adding C:\Users\utilisateur\.gradle\caches\modules-2\files-2.1\org.lwjgl\lwjgl-jemalloc\3.3.3\b543467b7ff3c6920539a88ee602d34098628be5\lwjgl-jemalloc-3.3.3.jar to classpath.
[19:37:30] [main/DEBUG] (FabricLoader/Knot) Adding C:\Users\utilisateur\.gradle\caches\modules-2\files-2.1\org.lwjgl\lwjgl-jemalloc\3.3.3\426222fc027602a5f21b9c0fe79cde6a4c7a011f\lwjgl-jemalloc-3.3.3-natives-windows.jar to classpath.
[19:37:30] [main/DEBUG] (FabricLoader/Knot) Adding C:\Users\utilisateur\.gradle\caches\modules-2\files-2.1\org.lwjgl\lwjgl-jemalloc\3.3.3\ba1f3fed0ee4be0217eaa41c5bbfb4b9b1383c33\lwjgl-jemalloc-3.3.3-natives-windows-arm64.jar to classpath.
[19:37:30] [main/DEBUG] (FabricLoader/Knot) Adding C:\Users\utilisateur\.gradle\caches\modules-2\files-2.1\org.lwjgl\lwjgl-jemalloc\3.3.3\f6063b6e0f23be483c5c88d84ce51b39dc69126c\lwjgl-jemalloc-3.3.3-natives-windows-x86.jar to classpath.
[19:37:30] [main/DEBUG] (FabricLoader/Knot) Adding C:\Users\utilisateur\.gradle\caches\modules-2\files-2.1\org.lwjgl\lwjgl-openal\3.3.3\daada81ceb5fc0c291fbfdd4433cb8d9423577f2\lwjgl-openal-3.3.3.jar to classpath.
[19:37:30] [main/DEBUG] (FabricLoader/Knot) Adding C:\Users\utilisateur\.gradle\caches\modules-2\files-2.1\org.lwjgl\lwjgl-openal\3.3.3\cf83862ae95d98496b26915024c7e666d8ab1c8f\lwjgl-openal-3.3.3-natives-windows.jar to classpath.
[19:37:30] [main/DEBUG] (FabricLoader/Knot) Adding C:\Users\utilisateur\.gradle\caches\modules-2\files-2.1\org.lwjgl\lwjgl-openal\3.3.3\8e0615235116b9e4160dfe87bec90f5f6378bf72\lwjgl-openal-3.3.3-natives-windows-arm64.jar to classpath.
[19:37:30] [main/DEBUG] (FabricLoader/Knot) Adding C:\Users\utilisateur\.gradle\caches\modules-2\files-2.1\org.lwjgl\lwjgl-openal\3.3.3\87b8d5050e3adb46bb58fe1cb2669a4a48fce10d\lwjgl-openal-3.3.3-natives-windows-x86.jar to classpath.
[19:37:30] [main/DEBUG] (FabricLoader/Knot) Adding C:\Users\utilisateur\.gradle\caches\modules-2\files-2.1\org.lwjgl\lwjgl-opengl\3.3.3\2f6b0147078396a58979125a4c947664e98293a\lwjgl-opengl-3.3.3.jar to classpath.
[19:37:30] [main/DEBUG] (FabricLoader/Knot) Adding C:\Users\utilisateur\.gradle\caches\modules-2\files-2.1\org.lwjgl\lwjgl-opengl\3.3.3\e6c1eec8be8a71951b830a4d69efc01c6531900c\lwjgl-opengl-3.3.3-natives-windows.jar to classpath.
[19:37:30] [main/DEBUG] (FabricLoader/Knot) Adding C:\Users\utilisateur\.gradle\caches\modules-2\files-2.1\org.lwjgl\lwjgl-opengl\3.3.3\65e956d3735a1abdc82eff4baec1b61174697d4b\lwjgl-opengl-3.3.3-natives-windows-arm64.jar to classpath.
[19:37:30] [main/DEBUG] (FabricLoader/Knot) Adding C:\Users\utilisateur\.gradle\caches\modules-2\files-2.1\org.lwjgl\lwjgl-opengl\3.3.3\d32d833dcaa2f355a886eaf21f0408b5f03241d\lwjgl-opengl-3.3.3-natives-windows-x86.jar to classpath.
[19:37:30] [main/DEBUG] (FabricLoader/Knot) Adding C:\Users\utilisateur\.gradle\caches\modules-2\files-2.1\org.lwjgl\lwjgl-stb\3.3.3\25dd6161988d7e65f71d5065c99902402ee32746\lwjgl-stb-3.3.3.jar to classpath.
[19:37:30] [main/DEBUG] (FabricLoader/Knot) Adding C:\Users\utilisateur\.gradle\caches\modules-2\files-2.1\org.lwjgl\lwjgl-stb\3.3.3\1d9facdf6541de114b0f963be33505b7679c78cb\lwjgl-stb-3.3.3-natives-windows.jar to classpath.
[19:37:30] [main/DEBUG] (FabricLoader/Knot) Adding C:\Users\utilisateur\.gradle\caches\modules-2\files-2.1\org.lwjgl\lwjgl-stb\3.3.3\a584ab44de569708871f0a79561f4d8c37487f2c\lwjgl-stb-3.3.3-natives-windows-arm64.jar to classpath.
[19:37:30] [main/DEBUG] (FabricLoader/Knot) Adding C:\Users\utilisateur\.gradle\caches\modules-2\files-2.1\org.lwjgl\lwjgl-stb\3.3.3\b5c874687b9aac1a936501d4ed2c49567fd1b575\lwjgl-stb-3.3.3-natives-windows-x86.jar to classpath.
[19:37:30] [main/DEBUG] (FabricLoader/Knot) Adding C:\Users\utilisateur\.gradle\caches\modules-2\files-2.1\org.lwjgl\lwjgl-tinyfd\3.3.3\82d755ca94b102e9ca77283b9e2dc46d1b15fbe5\lwjgl-tinyfd-3.3.3.jar to classpath.
[19:37:30] [main/DEBUG] (FabricLoader/Knot) Adding C:\Users\utilisateur\.gradle\caches\modules-2\files-2.1\org.lwjgl\lwjgl-tinyfd\3.3.3\a6697981b0449a5087c1d546fc08b4f73e8f98c9\lwjgl-tinyfd-3.3.3-natives-windows.jar to classpath.
[19:37:30] [main/DEBUG] (FabricLoader/Knot) Adding C:\Users\utilisateur\.gradle\caches\modules-2\files-2.1\org.lwjgl\lwjgl-tinyfd\3.3.3\a88c494f3006eb91a7433b12a3a55a9a6c20788b\lwjgl-tinyfd-3.3.3-natives-windows-arm64.jar to classpath.
[19:37:30] [main/DEBUG] (FabricLoader/Knot) Adding C:\Users\utilisateur\.gradle\caches\modules-2\files-2.1\org.lwjgl\lwjgl-tinyfd\3.3.3\c336c84ee88cccb495c6ffa112395509e7378e8a\lwjgl-tinyfd-3.3.3-natives-windows-x86.jar to classpath.
[19:37:30] [main/DEBUG] (FabricLoader/Knot) Adding C:\Users\utilisateur\.gradle\caches\modules-2\files-2.1\org.lwjgl\lwjgl\3.3.3\29589b5f87ed335a6c7e7ee6a5775f81f97ecb84\lwjgl-3.3.3.jar to classpath.
[19:37:30] [main/DEBUG] (FabricLoader/Knot) Adding C:\Users\utilisateur\.gradle\caches\modules-2\files-2.1\org.lwjgl\lwjgl\3.3.3\a5ed18a2b82fc91b81f40d717cb1f64c9dcb0540\lwjgl-3.3.3-natives-windows.jar to classpath.
[19:37:30] [main/DEBUG] (FabricLoader/Knot) Adding C:\Users\utilisateur\.gradle\caches\modules-2\files-2.1\org.lwjgl\lwjgl\3.3.3\e9aca8c5479b520a2a7f0d542a118140e812c5e8\lwjgl-3.3.3-natives-windows-arm64.jar to classpath.
[19:37:30] [main/DEBUG] (FabricLoader/Knot) Adding C:\Users\utilisateur\.gradle\caches\modules-2\files-2.1\org.lwjgl\lwjgl\3.3.3\9e670718e050aeaeea0c2d5b907cffb142f2e58f\lwjgl-3.3.3-natives-windows-x86.jar to classpath.
[19:37:30] [main/DEBUG] (FabricLoader/Knot) Adding C:\Users\utilisateur\.gradle\caches\modules-2\files-2.1\io.netty\netty-transport-native-epoll\4.2.7.Final\e83998bfc10b5289d9bcbe807c4079ef0eed8e6f\netty-transport-native-epoll-4.2.7.Final-linux-x86_64.jar to classpath.
[19:37:30] [main/DEBUG] (FabricLoader/Knot) Adding C:\Users\utilisateur\.gradle\caches\modules-2\files-2.1\io.netty\netty-transport-native-epoll\4.2.7.Final\98d02251c98c8f07a23ac5ea27657d9e0ef57614\netty-transport-native-epoll-4.2.7.Final-linux-aarch_64.jar to classpath.
[19:37:30] [main/DEBUG] (FabricLoader/Knot) Adding C:\Users\utilisateur\.gradle\caches\modules-2\files-2.1\io.netty\netty-transport-native-kqueue\4.2.7.Final\40868fd4e43bce2798245f790624b58803dc26b6\netty-transport-native-kqueue-4.2.7.Final-osx-x86_64.jar to classpath.
[19:37:30] [main/DEBUG] (FabricLoader/Knot) Adding C:\Users\utilisateur\.gradle\caches\modules-2\files-2.1\io.netty\netty-transport-native-kqueue\4.2.7.Final\e5a0feef41410c8a5ae00c6cb4e0c99bd0aded6a\netty-transport-native-kqueue-4.2.7.Final-osx-aarch_64.jar to classpath.
[19:37:30] [main/DEBUG] (FabricLoader/Knot) Adding C:\Users\utilisateur\.gradle\caches\modules-2\files-2.1\meteordevelopment\orbit\0.2.4\3a5ba3b5d3d5a43eda3b145bbe81cd5607f86422\orbit-0.2.4.jar to classpath.
[19:37:30] [main/DEBUG] (FabricLoader/Knot) Adding C:\Users\utilisateur\.gradle\caches\modules-2\files-2.1\org.meteordev\starscript\0.2.5\b608fa2a9ecdfc69c7cb411ac3d7b0cd2730fda\starscript-0.2.5.jar to classpath.
[19:37:30] [main/DEBUG] (FabricLoader/Knot) Adding C:\Users\utilisateur\.gradle\caches\modules-2\files-2.1\meteordevelopment\discord-ipc\1.1\cb36df2976623c8aa350c77d70ba0ddf55fe764f\discord-ipc-1.1.jar to classpath.
[19:37:30] [main/DEBUG] (FabricLoader/Knot) Adding C:\Users\utilisateur\.gradle\caches\modules-2\files-2.1\org.reflections\reflections\0.10.2\b638d7ca0e0fe0146b60a0e7ba232ad852a73b31\reflections-0.10.2.jar to classpath.
[19:37:30] [main/DEBUG] (FabricLoader/Knot) Adding C:\Users\utilisateur\.gradle\caches\modules-2\files-2.1\org.javassist\javassist\3.28.0-GA\9a958811a88381bb159cc2f5ed79c34a45c4af7a\javassist-3.28.0-GA.jar to classpath.
[19:37:30] [main/DEBUG] (FabricLoader/Knot) Adding C:\Users\utilisateur\.gradle\caches\modules-2\files-2.1\io.netty\netty-handler-proxy\4.2.7.Final\a1b6d07504fe98163f49d34c9a5efb22d8e84212\netty-handler-proxy-4.2.7.Final.jar to classpath.
[19:37:30] [main/DEBUG] (FabricLoader/Knot) Adding C:\Users\utilisateur\.gradle\caches\modules-2\files-2.1\io.netty\netty-codec-socks\4.2.7.Final\9f26324e436e8884bb4aa801a6e9151c0b50a754\netty-codec-socks-4.2.7.Final.jar to classpath.
[19:37:30] [main/DEBUG] (FabricLoader/Knot) Adding C:\Users\utilisateur\.gradle\caches\modules-2\files-2.1\de.florianmichael\WaybackAuthLib\1.0.1\37e3517188c78e0459a9923f1249d88476119238\WaybackAuthLib-1.0.1.jar to classpath.
[19:37:30] [main/DEBUG] (FabricLoader/Knot) Adding C:\Users\utilisateur\.gradle\caches\modules-2\files-2.1\com.google.code.findbugs\jsr305\3.0.2\25ea2e8b0c338a877313bd4672d3fe056ea78f0d\jsr305-3.0.2.jar to classpath.
[19:37:30] [main/DEBUG] (FabricLoader/Knot) Adding C:\Users\utilisateur\Desktop\New-Meteor-Addon\.gradle\loom-cache\remapped_mods\remapped\meteordevelopment\meteor-client-4abd26ae\1.21.11-SNAPSHOT\meteor-client-4abd26ae-1.21.11-SNAPSHOT.jar to classpath.
[19:37:30] [main/DEBUG] (FabricLoader/Knot) Adding C:\Users\utilisateur\Desktop\New-Meteor-Addon\.gradle\loom-cache\remapped_mods\remapped\net\fabricmc\fabric-api\fabric-resource-loader-v1-4abd26ae\1.0.10+78c8b4663e\fabric-resource-loader-v1-4abd26ae-1.0.10+78c8b4663e.jar to classpath.
[19:37:30] [main/DEBUG] (FabricLoader/Knot) Adding C:\Users\utilisateur\Desktop\New-Meteor-Addon\.gradle\loom-cache\remapped_mods\remapped\net\fabricmc\fabric-api\fabric-api-base-4abd26ae\1.0.5+4ebb5c083e\fabric-api-base-4abd26ae-1.0.5+4ebb5c083e.jar to classpath.
[19:37:30] [main/DEBUG] (FabricLoader/Entrypoint) No subscribers for entrypoint 'preLaunch'
[19:37:30] [main/DEBUG] (FabricLoader/Mixin) Preparing mixins for MixinEnvironment[DEFAULT]
[19:37:30] [main/DEBUG] (FabricLoader/Mixin) Selecting config mixinextras.init.mixins.json
[19:37:30] [main/DEBUG] (FabricLoader/MixinExtras|Service) com.llamalad7.mixinextras.service.MixinExtrasServiceImpl(version=0.5.4) is taking over from null
[19:37:30] [main/DEBUG] (FabricLoader/Mixin) Registering new injector for @Inject with org.spongepowered.asm.mixin.injection.struct.CallbackInjectionInfo
[19:37:30] [main/DEBUG] (FabricLoader/Mixin) Registering new injector for @ModifyArg with org.spongepowered.asm.mixin.injection.struct.ModifyArgInjectionInfo
[19:37:30] [main/DEBUG] (FabricLoader/Mixin) Registering new injector for @ModifyArgs with org.spongepowered.asm.mixin.injection.struct.ModifyArgsInjectionInfo
[19:37:30] [main/DEBUG] (FabricLoader/Mixin) Registering new injector for @Redirect with org.spongepowered.asm.mixin.injection.struct.RedirectInjectionInfo
[19:37:30] [main/DEBUG] (FabricLoader/Mixin) Registering new injector for @ModifyVariable with org.spongepowered.asm.mixin.injection.struct.ModifyVariableInjectionInfo
[19:37:30] [main/DEBUG] (FabricLoader/Mixin) Registering new injector for @ModifyConstant with org.spongepowered.asm.mixin.injection.struct.ModifyConstantInjectionInfo
[19:37:30] [main/DEBUG] (FabricLoader/Mixin) Selecting config meteor-client.mixins.json
[19:37:30] [main/DEBUG] (FabricLoader/Mixin) Selecting config meteor-client-baritone.mixins.json
[19:37:30] [main/DEBUG] (FabricLoader/Mixin) Selecting config meteor-client-indigo.mixins.json
[19:37:30] [main/DEBUG] (FabricLoader/Mixin) Selecting config meteor-client-sodium.mixins.json
[19:37:30] [main/DEBUG] (FabricLoader/Mixin) Selecting config meteor-client-lithium.mixins.json
[19:37:30] [main/DEBUG] (FabricLoader/Mixin) Selecting config meteor-client-viafabricplus.mixins.json
[19:37:30] [main/DEBUG] (FabricLoader/Mixin) Selecting config fabric-resource-loader-v1.mixins.json
[19:37:30] [main/DEBUG] (FabricLoader/Mixin) Selecting config fabric-resource-loader-v1.client.mixins.json
[19:37:30] [main/DEBUG] (FabricLoader/Mixin) Selecting config new.mixins.json
[19:37:30] [main/DEBUG] (FabricLoader/Mixin) Preparing mixinextras.init.mixins.json (0)
[19:37:30] [main/DEBUG] (FabricLoader/Mixin) Preparing meteor-client.mixins.json (197)
[19:37:30] [main/DEBUG] (FabricLoader/Mixin) Preparing meteor-client-baritone.mixins.json (1)
[19:37:30] [main/WARN] (FabricLoader/Mixin) Error loading class: baritone/command/defaults/ComeCommand (java.lang.ClassNotFoundException: baritone/command/defaults/ComeCommand)
[19:37:30] [main/WARN] (FabricLoader/Mixin) @Mixin target baritone.command.defaults.ComeCommand was not found meteor-client-baritone.mixins.json:ComeCommandMixin from mod meteor-client
[19:37:30] [main/DEBUG] (FabricLoader/Mixin) Preparing meteor-client-indigo.mixins.json (2)
[19:37:30] [main/DEBUG] (FabricLoader/Mixin) Preparing meteor-client-sodium.mixins.json (9)
[19:37:30] [main/DEBUG] (FabricLoader/Mixin) Preparing meteor-client-lithium.mixins.json (2)
[19:37:30] [main/DEBUG] (FabricLoader/Mixin) Preparing meteor-client-viafabricplus.mixins.json (1)
[19:37:30] [main/DEBUG] (FabricLoader/Mixin) Preparing fabric-resource-loader-v1.mixins.json (15)
[19:37:30] [main/DEBUG] (FabricLoader/Mixin) Preparing fabric-resource-loader-v1.client.mixins.json (9)
[19:37:30] [main/DEBUG] (FabricLoader/Mixin) Preparing new.mixins.json (0)
[19:37:30] [main/DEBUG] (FabricLoader/Mixin) Inner class meteordevelopment/meteorclient/mixin/BlockListCheckerMixin$1 in meteordevelopment/meteorclient/mixin/BlockListCheckerMixin on net/minecraft/client/multiplayer/resolver/AddressCheck gets unique name net/minecraft/client/multiplayer/resolver/AddressCheck$Anonymous$04b23710ed38333b9a761fb5ab16d34d
[19:37:30] [main/DEBUG] (FabricLoader/Mixin) Inner class meteordevelopment/meteorclient/mixin/ClientConnectionMixin$1 in meteordevelopment/meteorclient/mixin/ClientConnectionMixin on net/minecraft/network/Connection gets unique name net/minecraft/network/Connection$Anonymous$f8863bd2c5f33be4bde36459920697e0
[19:37:30] [main/DEBUG] (FabricLoader/Mixin) Inner class meteordevelopment/meteorclient/mixin/MultiplayerScreenMixin$1 in meteordevelopment/meteorclient/mixin/MultiplayerScreenMixin on net/minecraft/client/gui/screens/multiplayer/JoinMultiplayerScreen gets unique name net/minecraft/client/gui/screens/multiplayer/JoinMultiplayerScreen$Anonymous$42087fd0e4f630c7b97bf03a5c025bdd
[19:37:30] [main/DEBUG] (FabricLoader/Mixin) Prepared 220 mixins in 0.316 sec (1.4ms avg) (0ms load, 0ms transform, 0ms plugin)
[19:37:31] [main/DEBUG] (io.netty.util.internal.logging.InternalLoggerFactory) Using SLF4J as the default logging framework
[19:37:31] [main/DEBUG] (io.netty.util.ResourceLeakDetector) -Dio.netty.leakDetection.level: simple
[19:37:31] [main/DEBUG] (io.netty.util.ResourceLeakDetector) -Dio.netty.leakDetection.targetRecords: 4
[19:37:31] [main/INFO] (FabricLoader/MixinExtras|Service) Initializing MixinExtras via com.llamalad7.mixinextras.service.MixinExtrasServiceImpl(version=0.5.4).
[19:37:31] [main/DEBUG] (FabricLoader/Mixin) Registering new injector for @SugarWrapper with com.llamalad7.mixinextras.sugar.impl.SugarWrapperInjectionInfo
[19:37:31] [main/DEBUG] (FabricLoader/Mixin) Registering new injector for @FactoryRedirectWrapper with com.llamalad7.mixinextras.wrapper.factory.FactoryRedirectWrapperInjectionInfo
[19:37:31] [main/DEBUG] (FabricLoader/Mixin) Registering new injector for @ExpressionInjectorWrapper with com.llamalad7.mixinextras.expression.impl.wrapper.ExpressionInjectorWrapperInjectionInfo
[19:37:31] [main/DEBUG] (FabricLoader/Mixin) Mixing TextMixin from meteor-client.mixins.json into net.minecraft.network.chat.Component
[19:37:31] [main/DEBUG] (FabricLoader/Mixin) Mixing MutableTextMixin from meteor-client.mixins.json into net.minecraft.network.chat.MutableComponent
[19:37:31] [main/DEBUG] (FabricLoader/Mixin) Mixing CrashReportMixin from meteor-client.mixins.json into net.minecraft.CrashReport
[19:37:31] [main/DEBUG] (FabricLoader/Mixin) meteor-client.mixins.json:CrashReportMixin from mod meteor-client->@Inject::onAddDetails(Ljava/lang/StringBuilder;Lorg/spongepowered/asm/mixin/injection/callback/CallbackInfo;)V doesn't use it's CallbackInfo
[19:37:31] [main/DEBUG] (FabricLoader/Mixin) meteor-client.mixins.json:CrashReportMixin from mod meteor-client->@Inject::onAddDetails(Ljava/lang/StringBuilder;Lorg/spongepowered/asm/mixin/injection/callback/CallbackInfo;)V has 0 override(s) in child classes
[19:37:31] [main/DEBUG] (FabricLoader/Mixin) meteor-client.mixins.json:CrashReportMixin from mod meteor-client->@Inject::onAddDetails(Ljava/lang/StringBuilder;Lorg/spongepowered/asm/mixin/injection/callback/CallbackInfo;)V won't be passed a CallbackInfo as a result
[19:37:31] [Datafixer Bootstrap/INFO] (com.mojang.datafixers.DataFixerBuilder) 287 Datafixer optimizations took 310 milliseconds
[19:37:32] [main/DEBUG] (FabricLoader/Mixin) Mixing ScreenMixin from meteor-client.mixins.json into net.minecraft.client.gui.screens.Screen
[19:37:32] [main/DEBUG] (FabricLoader/Mixin) meteor-client.mixins.json:ScreenMixin from mod meteor-client->@Inject::onRenderInGameBackground(Lorg/spongepowered/asm/mixin/injection/callback/CallbackInfo;)V does use it's CallbackInfo
[19:37:32] [main/DEBUG] (FabricLoader/Mixin) meteor-client.mixins.json:ScreenMixin from mod meteor-client->@Inject::onHandleBasicClickEvent(Lnet/minecraft/network/chat/ClickEvent;Lnet/minecraft/client/Minecraft;Lnet/minecraft/client/gui/screens/Screen;Lorg/spongepowered/asm/mixin/injection/callback/CallbackInfo;)V does use it's CallbackInfo
[19:37:32] [main/DEBUG] (FabricLoader/Mixin) meteor-client.mixins.json:ScreenMixin from mod meteor-client->@Inject::onKeyPressed(Lnet/minecraft/client/input/KeyEvent;Lorg/spongepowered/asm/mixin/injection/callback/CallbackInfoReturnable;)V does use it's CallbackInfoReturnable
[19:37:32] [main/DEBUG] (FabricLoader/Mixin) Mixing ChatScreenMixin from meteor-client.mixins.json into net.minecraft.client.gui.screens.ChatScreen
[19:37:32] [main/DEBUG] (FabricLoader/Mixin) meteor-client.mixins.json:ChatScreenMixin from mod meteor-client->@Inject::onInit(Lorg/spongepowered/asm/mixin/injection/callback/CallbackInfo;)V doesn't use it's CallbackInfo
[19:37:32] [main/DEBUG] (FabricLoader/Mixin) meteor-client.mixins.json:ChatScreenMixin from mod meteor-client->@Inject::onInit(Lorg/spongepowered/asm/mixin/injection/callback/CallbackInfo;)V has 0 override(s) in child classes
[19:37:32] [main/DEBUG] (FabricLoader/Mixin) meteor-client.mixins.json:ChatScreenMixin from mod meteor-client->@Inject::onInit(Lorg/spongepowered/asm/mixin/injection/callback/CallbackInfo;)V won't be passed a CallbackInfo as a result
[19:37:32] [main/DEBUG] (FabricLoader/Mixin) Mixing RegistriesMixin from meteor-client.mixins.json into net.minecraft.core.registries.BuiltInRegistries
[19:37:32] [main/DEBUG] (FabricLoader/Mixin) Mixing ItemGroupsAccessor from meteor-client.mixins.json into net.minecraft.world.item.CreativeModeTabs
[19:37:32] [main/DEBUG] (FabricLoader/Mixin) Renaming @Accessor method meteor$getInventory()Lnet/minecraft/resources/ResourceKey; to meteor$getInventory$meteor-client_$md$f8f435$0 in meteor-client.mixins.json:ItemGroupsAccessor from mod meteor-client
[19:37:32] [main/DEBUG] (FabricLoader/Mixin) Mixing ItemGroupsMixin from meteor-client.mixins.json into net.minecraft.world.item.CreativeModeTabs
[19:37:32] [main/DEBUG] (FabricLoader/Mixin) Mixing BlockMixin from meteor-client.mixins.json into net.minecraft.world.level.block.Block
[19:37:32] [main/DEBUG] (FabricLoader/Mixin) meteor-client.mixins.json:BlockMixin from mod meteor-client->@Inject::meteor$forceXrayFace(Lnet/minecraft/world/level/block/state/BlockState;Lnet/minecraft/world/level/block/state/BlockState;Lnet/minecraft/core/Direction;Lorg/spongepowered/asm/mixin/injection/callback/CallbackInfoReturnable;)V does use it's CallbackInfoReturnable
[19:37:32] [main/DEBUG] (FabricLoader/Mixin) Mixing AbstractBlockAccessor from meteor-client.mixins.json into net.minecraft.world.level.block.state.BlockBehaviour
[19:37:32] [main/DEBUG] (FabricLoader/Mixin) Mixing AbstractBlockMixin from meteor-client.mixins.json into net.minecraft.world.level.block.state.BlockBehaviour
[19:37:32] [main/DEBUG] (FabricLoader/Mixin) meteor-client.mixins.json:AbstractBlockMixin from mod meteor-client->@Inject::onGetAmbientOcclusionLightLevel(Lnet/minecraft/world/level/block/state/BlockState;Lnet/minecraft/world/level/BlockGetter;Lnet/minecraft/core/BlockPos;Lorg/spongepowered/asm/mixin/injection/callback/CallbackInfoReturnable;)V does use it's CallbackInfoReturnable
[19:37:32] [main/DEBUG] (FabricLoader/Mixin) meteor-client.mixins.json:AbstractBlockMixin from mod meteor-client->@Inject::onRenderingSeed(Lnet/minecraft/world/level/block/state/BlockState;Lnet/minecraft/core/BlockPos;Lorg/spongepowered/asm/mixin/injection/callback/CallbackInfoReturnable;)V does use it's CallbackInfoReturnable
[19:37:32] [main/DEBUG] (FabricLoader/Mixin) Mixing BlockStateMixin from meteor-client.mixins.json into net.minecraft.world.level.block.state.BlockState
[19:37:32] [main/DEBUG] (FabricLoader/Mixin) Mixing AbstractBlockStateMixin from meteor-client.mixins.json into net.minecraft.world.level.block.state.BlockBehaviour$BlockStateBase
[19:37:32] [main/DEBUG] (FabricLoader/Mixin) meteor-client.mixins.json:AbstractBlockStateMixin from mod meteor-client->@Inject::modifyPos(Lnet/minecraft/core/BlockPos;Lorg/spongepowered/asm/mixin/injection/callback/CallbackInfoReturnable;)V does use it's CallbackInfoReturnable
[19:37:32] [main/DEBUG] (FabricLoader/Mixin) Mixing WorldAccessor from meteor-client.mixins.json into net.minecraft.world.level.Level
[19:37:32] [main/DEBUG] (FabricLoader/Mixin) Mixing EntityAccessor from meteor-client.mixins.json into net.minecraft.world.entity.Entity
[19:37:32] [main/DEBUG] (FabricLoader/Mixin) Mixing EntityMixin from meteor-client.mixins.json into net.minecraft.world.entity.Entity
[19:37:32] [main/DEBUG] (FabricLoader/Mixin) meteor-client.mixins.json:EntityMixin from mod meteor-client->@Inject::isTouchingWater(Lorg/spongepowered/asm/mixin/injection/callback/CallbackInfoReturnable;)V does use it's CallbackInfoReturnable
[19:37:32] [main/DEBUG] (FabricLoader/Mixin) meteor-client.mixins.json:EntityMixin from mod meteor-client->@Inject::isInLava(Lorg/spongepowered/asm/mixin/injection/callback/CallbackInfoReturnable;)V does use it's CallbackInfoReturnable
[19:37:32] [main/DEBUG] (FabricLoader/Mixin) meteor-client.mixins.json:EntityMixin from mod meteor-client->@Inject::onBubbleColumnSurfaceCollision(Lorg/spongepowered/asm/mixin/injection/callback/CallbackInfo;)V doesn't use it's CallbackInfo
[19:37:32] [main/DEBUG] (FabricLoader/Mixin) meteor-client.mixins.json:EntityMixin from mod meteor-client->@Inject::onBubbleColumnSurfaceCollision(Lorg/spongepowered/asm/mixin/injection/callback/CallbackInfo;)V has 0 override(s) in child classes
[19:37:32] [main/DEBUG] (FabricLoader/Mixin) meteor-client.mixins.json:EntityMixin from mod meteor-client->@Inject::onBubbleColumnSurfaceCollision(Lorg/spongepowered/asm/mixin/injection/callback/CallbackInfo;)V won't be passed a CallbackInfo as a result
[19:37:32] [main/DEBUG] (FabricLoader/Mixin) meteor-client.mixins.json:EntityMixin from mod meteor-client->@Inject::onBubbleColumnCollision(Lorg/spongepowered/asm/mixin/injection/callback/CallbackInfo;)V doesn't use it's CallbackInfo
[19:37:32] [main/DEBUG] (FabricLoader/Mixin) meteor-client.mixins.json:EntityMixin from mod meteor-client->@Inject::onBubbleColumnCollision(Lorg/spongepowered/asm/mixin/injection/callback/CallbackInfo;)V has 0 override(s) in child classes
[19:37:32] [main/DEBUG] (FabricLoader/Mixin) meteor-client.mixins.json:EntityMixin from mod meteor-client->@Inject::onBubbleColumnCollision(Lorg/spongepowered/asm/mixin/injection/callback/CallbackInfo;)V won't be passed a CallbackInfo as a result
[19:37:32] [main/DEBUG] (FabricLoader/Mixin) ArgsClassGenerator assigning org.spongepowered.asm.synthetic.args.Args$1 for descriptor (DDD)V
[19:37:32] [main/DEBUG] (FabricLoader/Mixin) meteor-client.mixins.json:EntityMixin from mod meteor-client->@Inject::onMove(Lnet/minecraft/world/entity/MoverType;Lnet/minecraft/world/phys/Vec3;Lorg/spongepowered/asm/mixin/injection/callback/CallbackInfo;)V doesn't use it's CallbackInfo
[19:37:32] [main/DEBUG] (FabricLoader/Mixin) meteor-client.mixins.json:EntityMixin from mod meteor-client->@Inject::onMove(Lnet/minecraft/world/entity/MoverType;Lnet/minecraft/world/phys/Vec3;Lorg/spongepowered/asm/mixin/injection/callback/CallbackInfo;)V has 0 override(s) in child classes
[19:37:32] [main/DEBUG] (FabricLoader/Mixin) meteor-client.mixins.json:EntityMixin from mod meteor-client->@Inject::onMove(Lnet/minecraft/world/entity/MoverType;Lnet/minecraft/world/phys/Vec3;Lorg/spongepowered/asm/mixin/injection/callback/CallbackInfo;)V won't be passed a CallbackInfo as a result
[19:37:32] [main/DEBUG] (FabricLoader/Mixin) meteor-client.mixins.json:EntityMixin from mod meteor-client->@Inject::isGlowing(Lorg/spongepowered/asm/mixin/injection/callback/CallbackInfoReturnable;)V does use it's CallbackInfoReturnable
[19:37:32] [main/DEBUG] (FabricLoader/Mixin) meteor-client.mixins.json:EntityMixin from mod meteor-client->@Inject::onGetTargetingMargin(Lorg/spongepowered/asm/mixin/injection/callback/CallbackInfoReturnable;)V does use it's CallbackInfoReturnable
[19:37:32] [main/DEBUG] (FabricLoader/Mixin) meteor-client.mixins.json:EntityMixin from mod meteor-client->@Inject::onIsInvisibleTo(Lnet/minecraft/world/entity/player/Player;Lorg/spongepowered/asm/mixin/injection/callback/CallbackInfoReturnable;)V does use it's CallbackInfoReturnable
[19:37:32] [main/DEBUG] (FabricLoader/Mixin) meteor-client.mixins.json:EntityMixin from mod meteor-client->@Inject::getPoseHook(Lorg/spongepowered/asm/mixin/injection/callback/CallbackInfoReturnable;)V does use it's CallbackInfoReturnable
[19:37:32] [main/DEBUG] (FabricLoader/Mixin) meteor-client.mixins.json:EntityMixin from mod meteor-client->@Inject::updateChangeLookDirection(DDLorg/spongepowered/asm/mixin/injection/callback/CallbackInfo;)V does use it's CallbackInfo
[19:37:32] [main/DEBUG] (FabricLoader/Mixin) Mixing PlayerEntityAccessor from meteor-client.mixins.json into net.minecraft.world.entity.player.Player
[19:37:32] [main/DEBUG] (FabricLoader/Mixin) Mixing PlayerEntityMixin from meteor-client.mixins.json into net.minecraft.world.entity.player.Player
[19:37:32] [main/DEBUG] (FabricLoader/Mixin) meteor-client.mixins.json:PlayerEntityMixin from mod meteor-client->@Inject::clipAtLedge(Lorg/spongepowered/asm/mixin/injection/callback/CallbackInfoReturnable;)V does use it's CallbackInfoReturnable
[19:37:32] [main/DEBUG] (FabricLoader/Mixin) meteor-client.mixins.json:PlayerEntityMixin from mod meteor-client->@Inject::onDropItem(Lnet/minecraft/world/item/ItemStack;ZLorg/spongepowered/asm/mixin/injection/callback/CallbackInfoReturnable;)V does use it's CallbackInfoReturnable
[19:37:32] [main/DEBUG] (FabricLoader/Mixin) meteor-client.mixins.json:PlayerEntityMixin from mod meteor-client->@Inject::onIsSpectator(Lorg/spongepowered/asm/mixin/injection/callback/CallbackInfoReturnable;)V does use it's CallbackInfoReturnable
[19:37:32] [main/DEBUG] (FabricLoader/Mixin) meteor-client.mixins.json:PlayerEntityMixin from mod meteor-client->@Inject::onIsCreative(Lorg/spongepowered/asm/mixin/injection/callback/CallbackInfoReturnable;)V does use it's CallbackInfoReturnable
[19:37:32] [main/DEBUG] (FabricLoader/Mixin) meteor-client.mixins.json:PlayerEntityMixin from mod meteor-client->@Inject::onGetOffGroundSpeed(Lorg/spongepowered/asm/mixin/injection/callback/CallbackInfoReturnable;)V does use it's CallbackInfoReturnable
[19:37:32] [main/DEBUG] (FabricLoader/Mixin) Mixing LivingEntityAccessor from meteor-client.mixins.json into net.minecraft.world.entity.LivingEntity
[19:37:32] [main/DEBUG] (FabricLoader/Mixin) Mixing LivingEntityMixin from meteor-client.mixins.json into net.minecraft.world.entity.LivingEntity
[19:37:32] [main/DEBUG] (FabricLoader/Mixin) meteor-client.mixins.json:LivingEntityMixin from mod meteor-client->@Inject::spawnItemParticles(Lnet/minecraft/world/item/ItemStack;ILorg/spongepowered/asm/mixin/injection/callback/CallbackInfo;)V does use it's CallbackInfo
[19:37:32] [main/DEBUG] (FabricLoader/Mixin) meteor-client.mixins.json:LivingEntityMixin from mod meteor-client->@Inject::onEquipStack(Lnet/minecraft/world/entity/EquipmentSlot;Lnet/minecraft/world/item/ItemStack;Lnet/minecraft/world/item/ItemStack;Lorg/spongepowered/asm/mixin/injection/callback/CallbackInfo;)V does use it's CallbackInfo
[19:37:32] [main/DEBUG] (FabricLoader/Mixin) meteor-client.mixins.json:LivingEntityMixin from mod meteor-client->@Inject::recastOnLand(Lorg/spongepowered/asm/mixin/injection/callback/CallbackInfoReturnable;)V does use it's CallbackInfoReturnable
[19:37:32] [main/DEBUG] (FabricLoader/Mixin) Mixing DirectionAccessor from meteor-client.mixins.json into net.minecraft.core.Direction
[19:37:32] [main/DEBUG] (FabricLoader/Mixin) Renaming @Accessor method meteor$getHorizontal()[Lnet/minecraft/core/Direction; to meteor$getHorizontal$meteor-client_$md$f8f435$0 in meteor-client.mixins.json:DirectionAccessor from mod meteor-client
[19:37:32] [main/DEBUG] (FabricLoader/Mixin) Mixing Vec3dMixin from meteor-client.mixins.json into net.minecraft.world.phys.Vec3
[19:37:32] [main/DEBUG] (FabricLoader/Mixin) Mixing PacketByteBufMixin from meteor-client.mixins.json into net.minecraft.network.FriendlyByteBuf
[19:37:33] [main/DEBUG] (FabricLoader/Mixin) Mixing CobwebBlockMixin from meteor-client.mixins.json into net.minecraft.world.level.block.WebBlock
[19:37:33] [main/DEBUG] (FabricLoader/Mixin) meteor-client.mixins.json:CobwebBlockMixin from mod meteor-client->@Inject::onEntityCollision(Lorg/spongepowered/asm/mixin/injection/callback/CallbackInfo;)V does use it's CallbackInfo
[19:37:33] [main/DEBUG] (FabricLoader/Mixin) Mixing StatusEffectInstanceAccessor from meteor-client.mixins.json into net.minecraft.world.effect.MobEffectInstance
[19:37:33] [main/DEBUG] (FabricLoader/Mixin) Mixing StatusEffectInstanceMixin from meteor-client.mixins.json into net.minecraft.world.effect.MobEffectInstance
[19:37:33] [main/DEBUG] (FabricLoader/Mixin) meteor-client.mixins.json:StatusEffectInstanceMixin from mod meteor-client->@Inject::tick(Lorg/spongepowered/asm/mixin/injection/callback/CallbackInfo;)V does use it's CallbackInfo
[19:37:33] [main/DEBUG] (FabricLoader/Mixin) Mixing MobEntityMixin from meteor-client.mixins.json into net.minecraft.world.entity.Mob
[19:37:33] [main/DEBUG] (FabricLoader/Mixin) Mixing BoxMixin from meteor-client.mixins.json into net.minecraft.world.phys.AABB
[19:37:33] [main/DEBUG] (FabricLoader/Mixin) Mixing ProjectileInGroundAccessor from meteor-client.mixins.json into net.minecraft.world.entity.projectile.arrow.AbstractArrow
[19:37:33] [main/DEBUG] (FabricLoader/Mixin) Mixing ItemStackMixin from meteor-client.mixins.json into net.minecraft.world.item.ItemStack
[19:37:33] [main/DEBUG] (FabricLoader/Mixin) meteor-client.mixins.json:ItemStackMixin from mod meteor-client->@Inject::onFinishUsing(Lnet/minecraft/world/level/Level;Lnet/minecraft/world/entity/LivingEntity;Lorg/spongepowered/asm/mixin/injection/callback/CallbackInfoReturnable;)V doesn't use it's CallbackInfoReturnable
[19:37:33] [main/DEBUG] (FabricLoader/Mixin) meteor-client.mixins.json:ItemStackMixin from mod meteor-client->@Inject::onStoppedUsing(Lnet/minecraft/world/level/Level;Lnet/minecraft/world/entity/LivingEntity;ILorg/spongepowered/asm/mixin/injection/callback/CallbackInfo;)V doesn't use it's CallbackInfo
[19:37:33] [main/DEBUG] (FabricLoader/Mixin) Mixing SlimeBlockMixin from meteor-client.mixins.json into net.minecraft.world.level.block.SlimeBlock
[19:37:33] [main/DEBUG] (FabricLoader/Mixin) meteor-client.mixins.json:SlimeBlockMixin from mod meteor-client->@Inject::onSteppedOn(Lnet/minecraft/world/level/Level;Lnet/minecraft/core/BlockPos;Lnet/minecraft/world/level/block/state/BlockState;Lnet/minecraft/world/entity/Entity;Lorg/spongepowered/asm/mixin/injection/callback/CallbackInfo;)V does use it's CallbackInfo
[19:37:33] [main/DEBUG] (FabricLoader/Mixin) Mixing SweetBerryBushBlockMixin from meteor-client.mixins.json into net.minecraft.world.level.block.SweetBerryBushBlock
[19:37:33] [main/DEBUG] (FabricLoader/Mixin) meteor-client.mixins.json:SweetBerryBushBlockMixin from mod meteor-client->@Inject::onEntityCollision(Lorg/spongepowered/asm/mixin/injection/callback/CallbackInfo;)V does use it's CallbackInfo
[19:37:33] [main/DEBUG] (FabricLoader/Mixin) Mixing PowderSnowBlockMixin from meteor-client.mixins.json into net.minecraft.world.level.block.PowderSnowBlock
[19:37:33] [main/DEBUG] (FabricLoader/Mixin) Mixing ItemMixin from meteor-client.mixins.json into net.minecraft.world.item.Item
[19:37:33] [main/DEBUG] (FabricLoader/Mixin) meteor-client.mixins.json:ItemMixin from mod meteor-client->@Inject::onTooltipData(Lnet/minecraft/world/item/ItemStack;Lorg/spongepowered/asm/mixin/injection/callback/CallbackInfoReturnable;)V does use it's CallbackInfoReturnable
[19:37:34] [main/DEBUG] (FabricLoader/Mixin) Mixing BlockItemMixin from meteor-client.mixins.json into net.minecraft.world.item.BlockItem
[19:37:34] [main/DEBUG] (FabricLoader/Mixin) meteor-client.mixins.json:BlockItemMixin from mod meteor-client->@Inject::onPlace(Lnet/minecraft/world/item/context/BlockPlaceContext;Lnet/minecraft/world/level/block/state/BlockState;Lorg/spongepowered/asm/mixin/injection/callback/CallbackInfoReturnable;)V does use it's CallbackInfoReturnable
[19:37:34] [main/DEBUG] (FabricLoader/Mixin) Mixing EntityBucketItemAccessor from meteor-client.mixins.json into net.minecraft.world.item.MobBucketItem
[19:37:34] [main/DEBUG] (FabricLoader/Mixin) Mixing CrossbowItemAccessor from meteor-client.mixins.json into net.minecraft.world.item.CrossbowItem
[19:37:34] [main/DEBUG] (FabricLoader/Mixin) Renaming @Invoker method meteor$getSpeed(Lnet/minecraft/world/item/component/ChargedProjectiles;)F to meteor$getSpeed$meteor-client_$md$f8f435$0 in meteor-client.mixins.json:CrossbowItemAccessor from mod meteor-client
[19:37:34] [main/DEBUG] (FabricLoader/Mixin) Mixing TooltipDisplayComponentMixin from meteor-client.mixins.json into net.minecraft.world.item.component.TooltipDisplay
[19:37:34] [main/DEBUG] (FabricLoader/Mixin) Mixing AttackRangeComponentMixin from meteor-client.mixins.json into net.minecraft.world.item.component.AttackRange
[19:37:34] [main/DEBUG] (FabricLoader/Mixin) Mixing BlockHitResultAccessor from meteor-client.mixins.json into net.minecraft.world.phys.BlockHitResult
[19:37:34] [main/DEBUG] (FabricLoader/Mixin) Mixing AbstractBoatEntityMixin from meteor-client.mixins.json into net.minecraft.world.entity.vehicle.boat.AbstractBoat
[19:37:34] [main/DEBUG] (FabricLoader/Mixin) Mixing ServerPlayerEntityMixin from meteor-client.mixins.json into net.minecraft.server.level.ServerPlayer
[19:37:34] [main/DEBUG] (FabricLoader/Mixin) meteor-client.mixins.json:ServerPlayerEntityMixin from mod meteor-client->@Inject::dontJump(Lorg/spongepowered/asm/mixin/injection/callback/CallbackInfo;)V does use it's CallbackInfo
[19:37:34] [main/DEBUG] (FabricLoader/Mixin) Mixing FireworkRocketEntityMixin from meteor-client.mixins.json into net.minecraft.world.entity.projectile.FireworkRocketEntity
[19:37:34] [main/DEBUG] (FabricLoader/Mixin) meteor-client.mixins.json:FireworkRocketEntityMixin from mod meteor-client->@Inject::onTick(Lorg/spongepowered/asm/mixin/injection/callback/CallbackInfo;)V doesn't use it's CallbackInfo
[19:37:34] [main/DEBUG] (FabricLoader/Mixin) meteor-client.mixins.json:FireworkRocketEntityMixin from mod meteor-client->@Inject::onTick(Lorg/spongepowered/asm/mixin/injection/callback/CallbackInfo;)V has 0 override(s) in child classes
[19:37:34] [main/DEBUG] (FabricLoader/Mixin) meteor-client.mixins.json:FireworkRocketEntityMixin from mod meteor-client->@Inject::onTick(Lorg/spongepowered/asm/mixin/injection/callback/CallbackInfo;)V won't be passed a CallbackInfo as a result
[19:37:34] [main/DEBUG] (FabricLoader/Mixin) meteor-client.mixins.json:FireworkRocketEntityMixin from mod meteor-client->@Inject::onEntityHit(Lnet/minecraft/world/phys/EntityHitResult;Lorg/spongepowered/asm/mixin/injection/callback/CallbackInfo;)V does use it's CallbackInfo
[19:37:34] [main/DEBUG] (FabricLoader/Mixin) meteor-client.mixins.json:FireworkRocketEntityMixin from mod meteor-client->@Inject::onBlockHit(Lnet/minecraft/world/phys/BlockHitResult;Lorg/spongepowered/asm/mixin/injection/callback/CallbackInfo;)V does use it's CallbackInfo
[19:37:34] [main/DEBUG] (FabricLoader/Mixin) Mixing ChunkAccessor from meteor-client.mixins.json into net.minecraft.world.level.chunk.ChunkAccess
[19:37:34] [main/DEBUG] (FabricLoader/Mixin) Mixing WorldChunkMixin from meteor-client.mixins.json into net.minecraft.world.level.chunk.LevelChunk
[19:37:34] [main/DEBUG] (FabricLoader/Mixin) meteor-client.mixins.json:WorldChunkMixin from mod meteor-client->@Inject::onSetBlockState(Lnet/minecraft/core/BlockPos;Lnet/minecraft/world/level/block/state/BlockState;ILorg/spongepowered/asm/mixin/injection/callback/CallbackInfoReturnable;)V does use it's CallbackInfoReturnable
[19:37:34] [main/DEBUG] (FabricLoader/Mixin) Mixing FishingBobberEntityAccessor from meteor-client.mixins.json into net.minecraft.world.entity.projectile.FishingHook
[19:37:34] [main/DEBUG] (FabricLoader/Mixin) Mixing FishingBobberEntityMixin from meteor-client.mixins.json into net.minecraft.world.entity.projectile.FishingHook
[19:37:34] [main/DEBUG] (FabricLoader/Mixin) Mixing ContainerComponentAccessor from meteor-client.mixins.json into net.minecraft.world.item.component.ItemContainerContents
[19:37:34] [main/DEBUG] (FabricLoader/Mixin) Mixing ContainerComponentMixin from meteor-client.mixins.json into net.minecraft.world.item.component.ItemContainerContents
[19:37:34] [main/DEBUG] (FabricLoader/Mixin) meteor-client.mixins.json:ContainerComponentMixin from mod meteor-client->@Inject::onAppendTooltip(Lnet/minecraft/world/item/Item$TooltipContext;Ljava/util/function/Consumer;Lnet/minecraft/world/item/TooltipFlag;Lnet/minecraft/core/component/DataComponentGetter;Lorg/spongepowered/asm/mixin/injection/callback/CallbackInfo;)V does use it's CallbackInfo
[19:37:35] [main/DEBUG] (FabricLoader/Mixin) Mixing BundleItemMixin from meteor-client.mixins.json into net.minecraft.world.item.BundleItem
[19:37:35] [main/DEBUG] (FabricLoader/Mixin) meteor-client.mixins.json:BundleItemMixin from mod meteor-client->@Inject::onTooltipData(Lnet/minecraft/world/item/ItemStack;Lorg/spongepowered/asm/mixin/injection/callback/CallbackInfoReturnable;)V does use it's CallbackInfoReturnable
[19:37:35] [main/DEBUG] (FabricLoader/Mixin) Mixing TridentItemMixin from meteor-client.mixins.json into net.minecraft.world.item.TridentItem
[19:37:35] [main/DEBUG] (FabricLoader/Mixin) meteor-client.mixins.json:TridentItemMixin from mod meteor-client->@Inject::onStoppedUsingHead(Lnet/minecraft/world/item/ItemStack;Lnet/minecraft/world/level/Level;Lnet/minecraft/world/entity/LivingEntity;ILorg/spongepowered/asm/mixin/injection/callback/CallbackInfoReturnable;)V doesn't use it's CallbackInfoReturnable
[19:37:35] [main/DEBUG] (FabricLoader/Mixin) meteor-client.mixins.json:TridentItemMixin from mod meteor-client->@Inject::onStoppedUsingHead(Lnet/minecraft/world/item/ItemStack;Lnet/minecraft/world/level/Level;Lnet/minecraft/world/entity/LivingEntity;ILorg/spongepowered/asm/mixin/injection/callback/CallbackInfoReturnable;)V has 0 override(s) in child classes
[19:37:35] [main/DEBUG] (FabricLoader/Mixin) meteor-client.mixins.json:TridentItemMixin from mod meteor-client->@Inject::onStoppedUsingHead(Lnet/minecraft/world/item/ItemStack;Lnet/minecraft/world/level/Level;Lnet/minecraft/world/entity/LivingEntity;ILorg/spongepowered/asm/mixin/injection/callback/CallbackInfoReturnable;)V won't be passed a CallbackInfoReturnable as a result
[19:37:35] [main/DEBUG] (FabricLoader/Mixin) meteor-client.mixins.json:TridentItemMixin from mod meteor-client->@Inject::onStoppedUsingTail(Lnet/minecraft/world/item/ItemStack;Lnet/minecraft/world/level/Level;Lnet/minecraft/world/entity/LivingEntity;ILorg/spongepowered/asm/mixin/injection/callback/CallbackInfoReturnable;)V doesn't use it's CallbackInfoReturnable
[19:37:35] [main/DEBUG] (FabricLoader/Mixin) meteor-client.mixins.json:TridentItemMixin from mod meteor-client->@Inject::onStoppedUsingTail(Lnet/minecraft/world/item/ItemStack;Lnet/minecraft/world/level/Level;Lnet/minecraft/world/entity/LivingEntity;ILorg/spongepowered/asm/mixin/injection/callback/CallbackInfoReturnable;)V has 0 override(s) in child classes
[19:37:35] [main/DEBUG] (FabricLoader/Mixin) meteor-client.mixins.json:TridentItemMixin from mod meteor-client->@Inject::onStoppedUsingTail(Lnet/minecraft/world/item/ItemStack;Lnet/minecraft/world/level/Level;Lnet/minecraft/world/entity/LivingEntity;ILorg/spongepowered/asm/mixin/injection/callback/CallbackInfoReturnable;)V won't be passed a CallbackInfoReturnable as a result
[19:37:35] [main/DEBUG] (FabricLoader/Mixin) Mixing AbstractFurnaceScreenHandlerMixin from meteor-client.mixins.json into net.minecraft.world.inventory.AbstractFurnaceMenu
[19:37:35] [main/DEBUG] (FabricLoader/Mixin) Mixing ShulkerBoxScreenHandlerAccessor from meteor-client.mixins.json into net.minecraft.world.inventory.ShulkerBoxMenu
[19:37:35] [main/DEBUG] (FabricLoader/Mixin) Mixing SlotMixin from meteor-client.mixins.json into net.minecraft.world.inventory.Slot
[19:37:36] [main/DEBUG] (FabricLoader/Mixin) Mixing RenderLayerAccessor from meteor-client.mixins.json into net.minecraft.client.renderer.rendertype.RenderType
[19:37:36] [main/DEBUG] (FabricLoader/Mixin) Mixing RenderPipelineMixin from meteor-client.mixins.json into com.mojang.blaze3d.pipeline.RenderPipeline
[19:37:36] [main/DEBUG] (FabricLoader/Mixin) Mixing ItemRendererMixin from meteor-client.mixins.json into net.minecraft.client.renderer.entity.ItemRenderer
[19:37:36] [main/DEBUG] (FabricLoader/Mixin) Mixing KeyBindingAccessor from meteor-client.mixins.json into net.minecraft.client.KeyMapping
[19:37:36] [main/DEBUG] (FabricLoader/Mixin) Renaming @Accessor method getKeysById()Ljava/util/Map; to getKeysById$meteor-client_$md$f8f435$0 in meteor-client.mixins.json:KeyBindingAccessor from mod meteor-client
[19:37:36] [main/DEBUG] (FabricLoader/Mixin) Mixing CompassStateMixin from meteor-client.mixins.json into net.minecraft.client.renderer.item.properties.numeric.CompassAngleState
[19:37:36] [main/DEBUG] (FabricLoader/Mixin) Mixing ClientWorldMixin from meteor-client.mixins.json into net.minecraft.client.multiplayer.ClientLevel
[19:37:36] [main/DEBUG] (FabricLoader/Mixin) meteor-client.mixins.json:ClientWorldMixin from mod meteor-client->@Inject::onAddEntity(Lnet/minecraft/world/entity/Entity;Lorg/spongepowered/asm/mixin/injection/callback/CallbackInfo;)V doesn't use it's CallbackInfo
[19:37:36] [main/DEBUG] (FabricLoader/Mixin) meteor-client.mixins.json:ClientWorldMixin from mod meteor-client->@Inject::onAddEntity(Lnet/minecraft/world/entity/Entity;Lorg/spongepowered/asm/mixin/injection/callback/CallbackInfo;)V has 0 override(s) in child classes
[19:37:36] [main/DEBUG] (FabricLoader/Mixin) meteor-client.mixins.json:ClientWorldMixin from mod meteor-client->@Inject::onAddEntity(Lnet/minecraft/world/entity/Entity;Lorg/spongepowered/asm/mixin/injection/callback/CallbackInfo;)V won't be passed a CallbackInfo as a result
[19:37:36] [main/DEBUG] (FabricLoader/Mixin) meteor-client.mixins.json:ClientWorldMixin from mod meteor-client->@Inject::onRemoveEntity(ILnet/minecraft/world/entity/Entity$RemovalReason;Lorg/spongepowered/asm/mixin/injection/callback/CallbackInfo;)V doesn't use it's CallbackInfo
[19:37:36] [main/DEBUG] (FabricLoader/Mixin) meteor-client.mixins.json:ClientWorldMixin from mod meteor-client->@Inject::onRemoveEntity(ILnet/minecraft/world/entity/Entity$RemovalReason;Lorg/spongepowered/asm/mixin/injection/callback/CallbackInfo;)V has 0 override(s) in child classes
[19:37:36] [main/DEBUG] (FabricLoader/Mixin) meteor-client.mixins.json:ClientWorldMixin from mod meteor-client->@Inject::onRemoveEntity(ILnet/minecraft/world/entity/Entity$RemovalReason;Lorg/spongepowered/asm/mixin/injection/callback/CallbackInfo;)V won't be passed a CallbackInfo as a result
[19:37:36] [main/DEBUG] (FabricLoader/Mixin) ArgsClassGenerator assigning org.spongepowered.asm.synthetic.args.Args$2 for descriptor (IIIILnet/minecraft/util/RandomSource;Lnet/minecraft/world/level/block/Block;Lnet/minecraft/core/BlockPos$MutableBlockPos;)V
[19:37:36] [main/DEBUG] (FabricLoader/Mixin) meteor-client.mixins.json:ClientWorldMixin from mod meteor-client->@Inject::onAddBlockBreakParticles(Lnet/minecraft/core/BlockPos;Lnet/minecraft/world/level/block/state/BlockState;Lorg/spongepowered/asm/mixin/injection/callback/CallbackInfo;)V does use it's CallbackInfo
[19:37:36] [main/DEBUG] (FabricLoader/Mixin) meteor-client.mixins.json:ClientWorldMixin from mod meteor-client->@Inject::onAddBlockBreakingParticles(Lnet/minecraft/core/BlockPos;Lnet/minecraft/core/Direction;Lorg/spongepowered/asm/mixin/injection/callback/CallbackInfo;)V does use it's CallbackInfo
[19:37:36] [main/DEBUG] (FabricLoader/Mixin) Mixing ClientPlayerEntityAccessor from meteor-client.mixins.json into net.minecraft.client.player.LocalPlayer
[19:37:36] [main/DEBUG] (FabricLoader/Mixin) Mixing ClientPlayerEntityMixin from meteor-client.mixins.json into net.minecraft.client.player.LocalPlayer
[19:37:36] [main/DEBUG] (FabricLoader/Mixin) meteor-client.mixins.json:ClientPlayerEntityMixin from mod meteor-client->@Inject::onDropSelectedItem(ZLorg/spongepowered/asm/mixin/injection/callback/CallbackInfoReturnable;)V does use it's CallbackInfoReturnable
[19:37:36] [main/DEBUG] (FabricLoader/Mixin) meteor-client.mixins.json:ClientPlayerEntityMixin from mod meteor-client->@Inject::onIsSneaking(Lorg/spongepowered/asm/mixin/injection/callback/CallbackInfoReturnable;)V does use it's CallbackInfoReturnable
[19:37:36] [main/DEBUG] (FabricLoader/Mixin) meteor-client.mixins.json:ClientPlayerEntityMixin from mod meteor-client->@Inject::onShouldSlowDown(Lorg/spongepowered/asm/mixin/injection/callback/CallbackInfoReturnable;)V does use it's CallbackInfoReturnable
[19:37:36] [main/DEBUG] (FabricLoader/Mixin) meteor-client.mixins.json:ClientPlayerEntityMixin from mod meteor-client->@Inject::onPushOutOfBlocks(DDLorg/spongepowered/asm/mixin/injection/callback/CallbackInfo;)V does use it's CallbackInfo
[19:37:36] [main/DEBUG] (FabricLoader/Mixin) meteor-client.mixins.json:ClientPlayerEntityMixin from mod meteor-client->@Inject::preTickMovement(Lorg/spongepowered/asm/mixin/injection/callback/CallbackInfo;)V doesn't use it's CallbackInfo
[19:37:36] [main/DEBUG] (FabricLoader/Mixin) meteor-client.mixins.json:ClientPlayerEntityMixin from mod meteor-client->@Inject::preTickMovement(Lorg/spongepowered/asm/mixin/injection/callback/CallbackInfo;)V has 0 override(s) in child classes
[19:37:36] [main/DEBUG] (FabricLoader/Mixin) meteor-client.mixins.json:ClientPlayerEntityMixin from mod meteor-client->@Inject::preTickMovement(Lorg/spongepowered/asm/mixin/injection/callback/CallbackInfo;)V won't be passed a CallbackInfo as a result
[19:37:36] [main/DEBUG] (FabricLoader/Mixin) meteor-client.mixins.json:ClientPlayerEntityMixin from mod meteor-client->@Inject::changeJumpingMount(Lorg/spongepowered/asm/mixin/injection/callback/CallbackInfoReturnable;)V does use it's CallbackInfoReturnable
[19:37:36] [main/DEBUG] (FabricLoader/Mixin) meteor-client.mixins.json:ClientPlayerEntityMixin from mod meteor-client->@Inject::onSendMovementPacketsHead(Lorg/spongepowered/asm/mixin/injection/callback/CallbackInfo;)V doesn't use it's CallbackInfo
[19:37:36] [main/DEBUG] (FabricLoader/Mixin) meteor-client.mixins.json:ClientPlayerEntityMixin from mod meteor-client->@Inject::onSendMovementPacketsHead(Lorg/spongepowered/asm/mixin/injection/callback/CallbackInfo;)V has 0 override(s) in child classes
[19:37:36] [main/DEBUG] (FabricLoader/Mixin) meteor-client.mixins.json:ClientPlayerEntityMixin from mod meteor-client->@Inject::onSendMovementPacketsHead(Lorg/spongepowered/asm/mixin/injection/callback/CallbackInfo;)V won't be passed a CallbackInfo as a result
[19:37:36] [main/DEBUG] (FabricLoader/Mixin) meteor-client.mixins.json:ClientPlayerEntityMixin from mod meteor-client->@Inject::onTickHasVehicleBeforeSendPackets(Lorg/spongepowered/asm/mixin/injection/callback/CallbackInfo;)V doesn't use it's CallbackInfo
[19:37:36] [main/DEBUG] (FabricLoader/Mixin) meteor-client.mixins.json:ClientPlayerEntityMixin from mod meteor-client->@Inject::onTickHasVehicleBeforeSendPackets(Lorg/spongepowered/asm/mixin/injection/callback/CallbackInfo;)V has 0 override(s) in child classes
[19:37:36] [main/DEBUG] (FabricLoader/Mixin) meteor-client.mixins.json:ClientPlayerEntityMixin from mod meteor-client->@Inject::onTickHasVehicleBeforeSendPackets(Lorg/spongepowered/asm/mixin/injection/callback/CallbackInfo;)V won't be passed a CallbackInfo as a result
[19:37:36] [main/DEBUG] (FabricLoader/Mixin) meteor-client.mixins.json:ClientPlayerEntityMixin from mod meteor-client->@Inject::onSendMovementPacketsTail(Lorg/spongepowered/asm/mixin/injection/callback/CallbackInfo;)V doesn't use it's CallbackInfo
[19:37:36] [main/DEBUG] (FabricLoader/Mixin) meteor-client.mixins.json:ClientPlayerEntityMixin from mod meteor-client->@Inject::onSendMovementPacketsTail(Lorg/spongepowered/asm/mixin/injection/callback/CallbackInfo;)V has 0 override(s) in child classes
[19:37:36] [main/DEBUG] (FabricLoader/Mixin) meteor-client.mixins.json:ClientPlayerEntityMixin from mod meteor-client->@Inject::onSendMovementPacketsTail(Lorg/spongepowered/asm/mixin/injection/callback/CallbackInfo;)V won't be passed a CallbackInfo as a result
[19:37:36] [main/DEBUG] (FabricLoader/Mixin) meteor-client.mixins.json:ClientPlayerEntityMixin from mod meteor-client->@Inject::onTickHasVehicleAfterSendPackets(Lorg/spongepowered/asm/mixin/injection/callback/CallbackInfo;)V doesn't use it's CallbackInfo
[19:37:36] [main/DEBUG] (FabricLoader/Mixin) meteor-client.mixins.json:ClientPlayerEntityMixin from mod meteor-client->@Inject::onTickHasVehicleAfterSendPackets(Lorg/spongepowered/asm/mixin/injection/callback/CallbackInfo;)V has 0 override(s) in child classes
[19:37:36] [main/DEBUG] (FabricLoader/Mixin) meteor-client.mixins.json:ClientPlayerEntityMixin from mod meteor-client->@Inject::onTickHasVehicleAfterSendPackets(Lorg/spongepowered/asm/mixin/injection/callback/CallbackInfo;)V won't be passed a CallbackInfo as a result
[19:37:36] [main/DEBUG] (FabricLoader/Mixin) Mixing AbstractClientPlayerEntityAccessor from meteor-client.mixins.json into net.minecraft.client.player.AbstractClientPlayer
[19:37:36] [main/DEBUG] (FabricLoader/Mixin) Mixing AbstractClientPlayerEntityMixin from meteor-client.mixins.json into net.minecraft.client.player.AbstractClientPlayer
[19:37:36] [main/DEBUG] (FabricLoader/Mixin) meteor-client.mixins.json:AbstractClientPlayerEntityMixin from mod meteor-client->@Inject::onGetPlayerListEntry(Lorg/spongepowered/asm/mixin/injection/callback/CallbackInfoReturnable;)V does use it's CallbackInfoReturnable
[19:37:36] [Render thread/DEBUG] (FabricLoader/Mixin) Mixing RenderSystemMixin from meteor-client.mixins.json into com.mojang.blaze3d.systems.RenderSystem
[19:37:36] [Render thread/DEBUG] (FabricLoader/Mixin) meteor-client.mixins.json:RenderSystemMixin from mod meteor-client->@Inject::meteor$flipFrame(Lorg/spongepowered/asm/mixin/injection/callback/CallbackInfo;)V doesn't use it's CallbackInfo
[19:37:36] [Render thread/DEBUG] (FabricLoader/Mixin) Mixing MinecraftClientAccessor from meteor-client.mixins.json into net.minecraft.client.Minecraft
[19:37:36] [Render thread/DEBUG] (FabricLoader/Mixin) Renaming @Accessor method meteor$getFps()I to meteor$getFps$meteor-client_$md$f8f435$0 in meteor-client.mixins.json:MinecraftClientAccessor from mod meteor-client
[19:37:36] [Render thread/DEBUG] (FabricLoader/Mixin) Mixing MinecraftClientMixin from meteor-client.mixins.json into net.minecraft.client.Minecraft
[19:37:36] [Render thread/DEBUG] (FabricLoader/Mixin) Renaming synthetic method lambda$onReloadResourcesNewCompletableFuture$0()V to mdf8f435$meteor-client$lambda$onReloadResourcesNewCompletableFuture$0$1 in meteor-client.mixins.json:MinecraftClientMixin from mod meteor-client
[19:37:36] [Render thread/DEBUG] (FabricLoader/Mixin) Renaming @Unique field lastTimeJ to fdf8f435$meteor-client$lastTime$0 in meteor-client.mixins.json:MinecraftClientMixin from mod meteor-client
[19:37:36] [Render thread/DEBUG] (FabricLoader/Mixin) meteor-client.mixins.json:MinecraftClientMixin from mod meteor-client->@Inject::onInit(Lorg/spongepowered/asm/mixin/injection/callback/CallbackInfo;)V doesn't use it's CallbackInfo
[19:37:36] [Render thread/DEBUG] (FabricLoader/Mixin) meteor-client.mixins.json:MinecraftClientMixin from mod meteor-client->@Inject::onInit(Lorg/spongepowered/asm/mixin/injection/callback/CallbackInfo;)V has 0 override(s) in child classes
[19:37:36] [Render thread/DEBUG] (FabricLoader/Mixin) meteor-client.mixins.json:MinecraftClientMixin from mod meteor-client->@Inject::onInit(Lorg/spongepowered/asm/mixin/injection/callback/CallbackInfo;)V won't be passed a CallbackInfo as a result
[19:37:36] [Render thread/DEBUG] (FabricLoader/Mixin) meteor-client.mixins.json:MinecraftClientMixin from mod meteor-client->@Inject::onPreTick(Lorg/spongepowered/asm/mixin/injection/callback/CallbackInfo;)V doesn't use it's CallbackInfo
[19:37:36] [Render thread/DEBUG] (FabricLoader/Mixin) meteor-client.mixins.json:MinecraftClientMixin from mod meteor-client->@Inject::onPreTick(Lorg/spongepowered/asm/mixin/injection/callback/CallbackInfo;)V has 0 override(s) in child classes
[19:37:36] [Render thread/DEBUG] (FabricLoader/Mixin) meteor-client.mixins.json:MinecraftClientMixin from mod meteor-client->@Inject::onPreTick(Lorg/spongepowered/asm/mixin/injection/callback/CallbackInfo;)V won't be passed a CallbackInfo as a result
[19:37:36] [Render thread/DEBUG] (FabricLoader/Mixin) meteor-client.mixins.json:MinecraftClientMixin from mod meteor-client->@Inject::onTick(Lorg/spongepowered/asm/mixin/injection/callback/CallbackInfo;)V doesn't use it's CallbackInfo
[19:37:36] [Render thread/DEBUG] (FabricLoader/Mixin) meteor-client.mixins.json:MinecraftClientMixin from mod meteor-client->@Inject::onTick(Lorg/spongepowered/asm/mixin/injection/callback/CallbackInfo;)V has 0 override(s) in child classes
[19:37:36] [Render thread/DEBUG] (FabricLoader/Mixin) meteor-client.mixins.json:MinecraftClientMixin from mod meteor-client->@Inject::onTick(Lorg/spongepowered/asm/mixin/injection/callback/CallbackInfo;)V won't be passed a CallbackInfo as a result
[19:37:36] [Render thread/DEBUG] (FabricLoader/Mixin) meteor-client.mixins.json:MinecraftClientMixin from mod meteor-client->@Inject::onAttack(Lorg/spongepowered/asm/mixin/injection/callback/CallbackInfoReturnable;)V does use it's CallbackInfoReturnable
[19:37:36] [Render thread/DEBUG] (FabricLoader/Mixin) meteor-client.mixins.json:MinecraftClientMixin from mod meteor-client->@Inject::onDoItemUse(Lorg/spongepowered/asm/mixin/injection/callback/CallbackInfo;)V doesn't use it's CallbackInfo
[19:37:36] [Render thread/DEBUG] (FabricLoader/Mixin) meteor-client.mixins.json:MinecraftClientMixin from mod meteor-client->@Inject::onDoItemUse(Lorg/spongepowered/asm/mixin/injection/callback/CallbackInfo;)V has 0 override(s) in child classes
[19:37:36] [Render thread/DEBUG] (FabricLoader/Mixin) meteor-client.mixins.json:MinecraftClientMixin from mod meteor-client->@Inject::onDoItemUse(Lorg/spongepowered/asm/mixin/injection/callback/CallbackInfo;)V won't be passed a CallbackInfo as a result
[19:37:36] [Render thread/DEBUG] (FabricLoader/Mixin) meteor-client.mixins.json:MinecraftClientMixin from mod meteor-client->@Inject::onDisconnect(Lnet/minecraft/client/gui/screens/Screen;ZZLorg/spongepowered/asm/mixin/injection/callback/CallbackInfo;)V doesn't use it's CallbackInfo
[19:37:36] [Render thread/DEBUG] (FabricLoader/Mixin) meteor-client.mixins.json:MinecraftClientMixin from mod meteor-client->@Inject::onDisconnect(Lnet/minecraft/client/gui/screens/Screen;ZZLorg/spongepowered/asm/mixin/injection/callback/CallbackInfo;)V has 0 override(s) in child classes
[19:37:36] [Render thread/DEBUG] (FabricLoader/Mixin) meteor-client.mixins.json:MinecraftClientMixin from mod meteor-client->@Inject::onDisconnect(Lnet/minecraft/client/gui/screens/Screen;ZZLorg/spongepowered/asm/mixin/injection/callback/CallbackInfo;)V won't be passed a CallbackInfo as a result
[19:37:36] [Render thread/DEBUG] (FabricLoader/Mixin) meteor-client.mixins.json:MinecraftClientMixin from mod meteor-client->@Inject::onSetScreen(Lnet/minecraft/client/gui/screens/Screen;Lorg/spongepowered/asm/mixin/injection/callback/CallbackInfo;)V does use it's CallbackInfo
[19:37:36] [Render thread/DEBUG] (FabricLoader/Mixin) meteor-client.mixins.json:MinecraftClientMixin from mod meteor-client->@Inject::onDoItemUseHand(Lorg/spongepowered/asm/mixin/injection/callback/CallbackInfo;)V doesn't use it's CallbackInfo
[19:37:36] [Render thread/DEBUG] (FabricLoader/Mixin) meteor-client.mixins.json:MinecraftClientMixin from mod meteor-client->@Inject::onDoItemUseHand(Lorg/spongepowered/asm/mixin/injection/callback/CallbackInfo;)V has 0 override(s) in child classes
[19:37:36] [Render thread/DEBUG] (FabricLoader/Mixin) meteor-client.mixins.json:MinecraftClientMixin from mod meteor-client->@Inject::onDoItemUseHand(Lorg/spongepowered/asm/mixin/injection/callback/CallbackInfo;)V won't be passed a CallbackInfo as a result
[19:37:36] [Render thread/DEBUG] (FabricLoader/Mixin) meteor-client.mixins.json:MinecraftClientMixin from mod meteor-client->@Inject::onDoItemUseBeforeHands(Lorg/spongepowered/asm/mixin/injection/callback/CallbackInfo;)V does use it's CallbackInfo
[19:37:36] [Render thread/DEBUG] (FabricLoader/Mixin) meteor-client.mixins.json:MinecraftClientMixin from mod meteor-client->@Inject::onResolutionChanged(Lorg/spongepowered/asm/mixin/injection/callback/CallbackInfo;)V doesn't use it's CallbackInfo
[19:37:36] [Render thread/DEBUG] (FabricLoader/Mixin) meteor-client.mixins.json:MinecraftClientMixin from mod meteor-client->@Inject::onResolutionChanged(Lorg/spongepowered/asm/mixin/injection/callback/CallbackInfo;)V has 0 override(s) in child classes
[19:37:36] [Render thread/DEBUG] (FabricLoader/Mixin) meteor-client.mixins.json:MinecraftClientMixin from mod meteor-client->@Inject::onResolutionChanged(Lorg/spongepowered/asm/mixin/injection/callback/CallbackInfo;)V won't be passed a CallbackInfo as a result
[19:37:36] [Render thread/DEBUG] (FabricLoader/Mixin) meteor-client.mixins.json:MinecraftClientMixin from mod meteor-client->@Inject::onRender(Lorg/spongepowered/asm/mixin/injection/callback/CallbackInfo;)V doesn't use it's CallbackInfo
[19:37:36] [Render thread/DEBUG] (FabricLoader/Mixin) meteor-client.mixins.json:MinecraftClientMixin from mod meteor-client->@Inject::onRender(Lorg/spongepowered/asm/mixin/injection/callback/CallbackInfo;)V has 0 override(s) in child classes
[19:37:36] [Render thread/DEBUG] (FabricLoader/Mixin) meteor-client.mixins.json:MinecraftClientMixin from mod meteor-client->@Inject::onRender(Lorg/spongepowered/asm/mixin/injection/callback/CallbackInfo;)V won't be passed a CallbackInfo as a result
[19:37:36] [Render thread/DEBUG] (FabricLoader/Mixin) meteor-client.mixins.json:MinecraftClientMixin from mod meteor-client->@Inject::handleInputEventsInjectStopUsingItem(Lorg/spongepowered/asm/mixin/injection/callback/CallbackInfo;)V doesn't use it's CallbackInfo
[19:37:36] [Render thread/DEBUG] (FabricLoader/Mixin) meteor-client.mixins.json:MinecraftClientMixin from mod meteor-client->@Inject::handleInputEventsInjectStopUsingItem(Lorg/spongepowered/asm/mixin/injection/callback/CallbackInfo;)V has 0 override(s) in child classes
[19:37:36] [Render thread/DEBUG] (FabricLoader/Mixin) meteor-client.mixins.json:MinecraftClientMixin from mod meteor-client->@Inject::handleInputEventsInjectStopUsingItem(Lorg/spongepowered/asm/mixin/injection/callback/CallbackInfo;)V won't be passed a CallbackInfo as a result
[19:37:36] [Render thread/DEBUG] (FabricLoader/Mixin) meteor-client.mixins.json:MinecraftClientMixin from mod meteor-client->@Inject::afterHandleInputEvents(Lorg/spongepowered/asm/mixin/injection/callback/CallbackInfo;)V doesn't use it's CallbackInfo
[19:37:36] [Render thread/DEBUG] (FabricLoader/Mixin) meteor-client.mixins.json:MinecraftClientMixin from mod meteor-client->@Inject::afterHandleInputEvents(Lorg/spongepowered/asm/mixin/injection/callback/CallbackInfo;)V has 0 override(s) in child classes
[19:37:36] [Render thread/DEBUG] (FabricLoader/Mixin) meteor-client.mixins.json:MinecraftClientMixin from mod meteor-client->@Inject::afterHandleInputEvents(Lorg/spongepowered/asm/mixin/injection/callback/CallbackInfo;)V won't be passed a CallbackInfo as a result
[19:37:36] [Render thread/DEBUG] (FabricLoader/Mixin) Mixing TitleScreenMixin from meteor-client.mixins.json into net.minecraft.client.gui.screens.TitleScreen
[19:37:36] [Render thread/DEBUG] (FabricLoader/Mixin) meteor-client.mixins.json:TitleScreenMixin from mod meteor-client->@Inject::onRender(Lnet/minecraft/client/gui/GuiGraphics;IIFLorg/spongepowered/asm/mixin/injection/callback/CallbackInfo;)V doesn't use it's CallbackInfo
[19:37:36] [Render thread/DEBUG] (FabricLoader/Mixin) meteor-client.mixins.json:TitleScreenMixin from mod meteor-client->@Inject::onRender(Lnet/minecraft/client/gui/GuiGraphics;IIFLorg/spongepowered/asm/mixin/injection/callback/CallbackInfo;)V has 0 override(s) in child classes
[19:37:36] [Render thread/DEBUG] (FabricLoader/Mixin) meteor-client.mixins.json:TitleScreenMixin from mod meteor-client->@Inject::onRender(Lnet/minecraft/client/gui/GuiGraphics;IIFLorg/spongepowered/asm/mixin/injection/callback/CallbackInfo;)V won't be passed a CallbackInfo as a result
[19:37:36] [Render thread/DEBUG] (FabricLoader/Mixin) meteor-client.mixins.json:TitleScreenMixin from mod meteor-client->@Inject::onMouseClicked(Lnet/minecraft/client/input/MouseButtonEvent;ZLorg/spongepowered/asm/mixin/injection/callback/CallbackInfoReturnable;)V does use it's CallbackInfoReturnable
[19:37:36] [Render thread/DEBUG] (FabricLoader/Mixin) Mixing HandledScreenAccessor from meteor-client.mixins.json into net.minecraft.client.gui.screens.inventory.AbstractContainerScreen
[19:37:36] [Render thread/DEBUG] (FabricLoader/Mixin) Mixing HandledScreenMixin from meteor-client.mixins.json into net.minecraft.client.gui.screens.inventory.AbstractContainerScreen
[19:37:36] [Render thread/DEBUG] (FabricLoader/Mixin) Renaming synthetic method lambda$onInit$1(Lmeteordevelopment/meteorclient/systems/modules/misc/InventoryTweaks;Lnet/minecraft/client/gui/components/Button;)V to mdf8f435$meteor-client$lambda$onInit$1$0 in meteor-client.mixins.json:HandledScreenMixin from mod meteor-client
[19:37:36] [Render thread/DEBUG] (FabricLoader/Mixin) Renaming synthetic method lambda$onInit$0(Lmeteordevelopment/meteorclient/systems/modules/misc/InventoryTweaks;Lnet/minecraft/client/gui/components/Button;)V to mdf8f435$meteor-client$lambda$onInit$0$1 in meteor-client.mixins.json:HandledScreenMixin from mod meteor-client
[19:37:36] [Render thread/DEBUG] (FabricLoader/Mixin) meteor-client.mixins.json:HandledScreenMixin from mod meteor-client->@Inject::onInit(Lorg/spongepowered/asm/mixin/injection/callback/CallbackInfo;)V doesn't use it's CallbackInfo
[19:37:36] [Render thread/DEBUG] (FabricLoader/Mixin) meteor-client.mixins.json:HandledScreenMixin from mod meteor-client->@Inject::onInit(Lorg/spongepowered/asm/mixin/injection/callback/CallbackInfo;)V has 0 override(s) in child classes
[19:37:36] [Render thread/DEBUG] (FabricLoader/Mixin) meteor-client.mixins.json:HandledScreenMixin from mod meteor-client->@Inject::onInit(Lorg/spongepowered/asm/mixin/injection/callback/CallbackInfo;)V won't be passed a CallbackInfo as a result
[19:37:36] [Render thread/DEBUG] (FabricLoader/Mixin) meteor-client.mixins.json:HandledScreenMixin from mod meteor-client->@Inject::onMouseDragged(Lnet/minecraft/client/input/MouseButtonEvent;DDLorg/spongepowered/asm/mixin/injection/callback/CallbackInfoReturnable;)V doesn't use it's CallbackInfoReturnable
[19:37:36] [Render thread/DEBUG] (FabricLoader/Mixin) meteor-client.mixins.json:HandledScreenMixin from mod meteor-client->@Inject::onMouseDragged(Lnet/minecraft/client/input/MouseButtonEvent;DDLorg/spongepowered/asm/mixin/injection/callback/CallbackInfoReturnable;)V has 0 override(s) in child classes
[19:37:36] [Render thread/DEBUG] (FabricLoader/Mixin) meteor-client.mixins.json:HandledScreenMixin from mod meteor-client->@Inject::onMouseDragged(Lnet/minecraft/client/input/MouseButtonEvent;DDLorg/spongepowered/asm/mixin/injection/callback/CallbackInfoReturnable;)V won't be passed a CallbackInfoReturnable as a result
[19:37:36] [Render thread/DEBUG] (FabricLoader/Mixin) meteor-client.mixins.json:HandledScreenMixin from mod meteor-client->@Inject::mouseClicked(Lnet/minecraft/client/input/MouseButtonEvent;ZLorg/spongepowered/asm/mixin/injection/callback/CallbackInfoReturnable;)V does use it's CallbackInfoReturnable
[19:37:36] [Render thread/DEBUG] (FabricLoader/Mixin) meteor-client.mixins.json:HandledScreenMixin from mod meteor-client->@Inject::keyPressed(Lnet/minecraft/client/input/KeyEvent;Lorg/spongepowered/asm/mixin/injection/callback/CallbackInfoReturnable;)V does use it's CallbackInfoReturnable
[19:37:36] [Render thread/DEBUG] (FabricLoader/Mixin) meteor-client.mixins.json:HandledScreenMixin from mod meteor-client->@Inject::onDrawSlot(Lnet/minecraft/client/gui/GuiGraphics;Lnet/minecraft/world/inventory/Slot;IILorg/spongepowered/asm/mixin/injection/callback/CallbackInfo;)V doesn't use it's CallbackInfo
[19:37:36] [Render thread/DEBUG] (FabricLoader/Mixin) meteor-client.mixins.json:HandledScreenMixin from mod meteor-client->@Inject::onDrawSlot(Lnet/minecraft/client/gui/GuiGraphics;Lnet/minecraft/world/inventory/Slot;IILorg/spongepowered/asm/mixin/injection/callback/CallbackInfo;)V has 0 override(s) in child classes
[19:37:36] [Render thread/DEBUG] (FabricLoader/Mixin) meteor-client.mixins.json:HandledScreenMixin from mod meteor-client->@Inject::onDrawSlot(Lnet/minecraft/client/gui/GuiGraphics;Lnet/minecraft/world/inventory/Slot;IILorg/spongepowered/asm/mixin/injection/callback/CallbackInfo;)V won't be passed a CallbackInfo as a result
[19:37:36] [Render thread/DEBUG] (FabricLoader/Mixin) Mixing MultiplayerScreenMixin from meteor-client.mixins.json into net.minecraft.client.gui.screens.multiplayer.JoinMultiplayerScreen
[19:37:36] [Render thread/DEBUG] (FabricLoader/Mixin) Renaming synthetic method lambda$onInit$1(Lnet/minecraft/client/gui/components/Button;)V to mdf8f435$meteor-client$lambda$onInit$1$0 in meteor-client.mixins.json:MultiplayerScreenMixin from mod meteor-client
[19:37:36] [Render thread/DEBUG] (FabricLoader/Mixin) Renaming synthetic method lambda$onInit$0(Lnet/minecraft/client/gui/components/Button;)V to mdf8f435$meteor-client$lambda$onInit$0$1 in meteor-client.mixins.json:MultiplayerScreenMixin from mod meteor-client
[19:37:36] [Render thread/DEBUG] (FabricLoader/Mixin) meteor-client.mixins.json:MultiplayerScreenMixin from mod meteor-client->@Inject::onInit(Lorg/spongepowered/asm/mixin/injection/callback/CallbackInfo;)V doesn't use it's CallbackInfo
[19:37:36] [Render thread/DEBUG] (FabricLoader/Mixin) meteor-client.mixins.json:MultiplayerScreenMixin from mod meteor-client->@Inject::onInit(Lorg/spongepowered/asm/mixin/injection/callback/CallbackInfo;)V has 0 override(s) in child classes
[19:37:36] [Render thread/DEBUG] (FabricLoader/Mixin) meteor-client.mixins.json:MultiplayerScreenMixin from mod meteor-client->@Inject::onInit(Lorg/spongepowered/asm/mixin/injection/callback/CallbackInfo;)V won't be passed a CallbackInfo as a result
[19:37:36] [Render thread/DEBUG] (FabricLoader/Mixin) Mixing RenderTickCounterDynamicMixin from meteor-client.mixins.json into net.minecraft.client.DeltaTracker$Timer
[19:37:36] [Render thread/DEBUG] (FabricLoader/Mixin) meteor-client.mixins.json:RenderTickCounterDynamicMixin from mod meteor-client->@Inject::onBeingRenderTick(JLorg/spongepowered/asm/mixin/injection/callback/CallbackInfoReturnable;)V doesn't use it's CallbackInfoReturnable
[19:37:36] [Render thread/DEBUG] (FabricLoader/Mixin) meteor-client.mixins.json:RenderTickCounterDynamicMixin from mod meteor-client->@Inject::onBeingRenderTick(JLorg/spongepowered/asm/mixin/injection/callback/CallbackInfoReturnable;)V has 0 override(s) in child classes
[19:37:36] [Render thread/DEBUG] (FabricLoader/Mixin) meteor-client.mixins.json:RenderTickCounterDynamicMixin from mod meteor-client->@Inject::onBeingRenderTick(JLorg/spongepowered/asm/mixin/injection/callback/CallbackInfoReturnable;)V won't be passed a CallbackInfoReturnable as a result
[19:37:36] [Render thread/DEBUG] (FabricLoader/Mixin) Mixing KeyedClientResourceReloadListenerMixin from fabric-resource-loader-v1.client.mixins.json into net.minecraft.client.PeriodicNotificationManager
[19:37:36] [Render thread/DEBUG] (FabricLoader/Mixin) Mixing ResourceReloadLoggerAccessor from meteor-client.mixins.json into net.minecraft.client.ResourceLoadStateTracker
[19:37:36] [Render thread/DEBUG] (FabricLoader/Mixin) Mixing BuiltInPackSourceMixin from fabric-resource-loader-v1.client.mixins.json into net.minecraft.server.packs.repository.BuiltInPackSource
[19:37:36] [Render thread/DEBUG] (FabricLoader/Mixin) fabric-resource-loader-v1.client.mixins.json:BuiltInPackSourceMixin from mod fabric-resource-loader-v1->@Inject::addBuiltinResourcePacks(Ljava/util/function/Consumer;Lorg/spongepowered/asm/mixin/injection/callback/CallbackInfo;)V doesn't use it's CallbackInfo
[19:37:36] [Render thread/DEBUG] (FabricLoader/Mixin) fabric-resource-loader-v1.client.mixins.json:BuiltInPackSourceMixin from mod fabric-resource-loader-v1->@Inject::addBuiltinResourcePacks(Ljava/util/function/Consumer;Lorg/spongepowered/asm/mixin/injection/callback/CallbackInfo;)V has 0 override(s) in child classes
[19:37:36] [Render thread/DEBUG] (FabricLoader/Mixin) fabric-resource-loader-v1.client.mixins.json:BuiltInPackSourceMixin from mod fabric-resource-loader-v1->@Inject::addBuiltinResourcePacks(Ljava/util/function/Consumer;Lorg/spongepowered/asm/mixin/injection/callback/CallbackInfo;)V won't be passed a CallbackInfo as a result
[19:37:36] [Render thread/DEBUG] (FabricLoader/Mixin) Mixing ServerResourcePackLoaderMixin from meteor-client.mixins.json into net.minecraft.client.resources.server.DownloadedPackSource
[19:37:36] [Render thread/DEBUG] (FabricLoader/Mixin) meteor-client.mixins.json:ServerResourcePackLoaderMixin from mod meteor-client->@Inject::removeInactivePacksTail(Lorg/spongepowered/asm/mixin/injection/callback/CallbackInfo;)V doesn't use it's CallbackInfo
[19:37:36] [Render thread/DEBUG] (FabricLoader/Mixin) meteor-client.mixins.json:ServerResourcePackLoaderMixin from mod meteor-client->@Inject::removeInactivePacksTail(Lorg/spongepowered/asm/mixin/injection/callback/CallbackInfo;)V has 0 override(s) in child classes
[19:37:36] [Render thread/DEBUG] (FabricLoader/Mixin) meteor-client.mixins.json:ServerResourcePackLoaderMixin from mod meteor-client->@Inject::removeInactivePacksTail(Lorg/spongepowered/asm/mixin/injection/callback/CallbackInfo;)V won't be passed a CallbackInfo as a result
[19:37:36] [Render thread/DEBUG] (FabricLoader/Mixin) Mixing DownloaderMixin from meteor-client.mixins.json into net.minecraft.server.packs.DownloadQueue
[19:37:36] [Render thread/DEBUG] (FabricLoader/Mixin) Mixing PackRepositoryMixin from fabric-resource-loader-v1.mixins.json into net.minecraft.server.packs.repository.PackRepository
[19:37:36] [Render thread/DEBUG] (FabricLoader/Mixin) Renaming synthetic method lambda$handleAutoDisable$0(Ljava/util/Set;Lnet/minecraft/server/packs/repository/Pack;)Z to mdf8f435$fabric-resource-loader-v1$lambda$handleAutoDisable$0$0 in fabric-resource-loader-v1.mixins.json:PackRepositoryMixin from mod fabric-resource-loader-v1
[19:37:36] [Render thread/DEBUG] (FabricLoader/Mixin) fabric-resource-loader-v1.mixins.json:PackRepositoryMixin from mod fabric-resource-loader-v1->@Inject::construct([Lnet/minecraft/server/packs/repository/RepositorySource;Lorg/spongepowered/asm/mixin/injection/callback/CallbackInfo;)V doesn't use it's CallbackInfo
[19:37:36] [Render thread/DEBUG] (FabricLoader/Mixin) fabric-resource-loader-v1.mixins.json:PackRepositoryMixin from mod fabric-resource-loader-v1->@Inject::construct([Lnet/minecraft/server/packs/repository/RepositorySource;Lorg/spongepowered/asm/mixin/injection/callback/CallbackInfo;)V has 0 override(s) in child classes
[19:37:36] [Render thread/DEBUG] (FabricLoader/Mixin) fabric-resource-loader-v1.mixins.json:PackRepositoryMixin from mod fabric-resource-loader-v1->@Inject::construct([Lnet/minecraft/server/packs/repository/RepositorySource;Lorg/spongepowered/asm/mixin/injection/callback/CallbackInfo;)V won't be passed a CallbackInfo as a result
[19:37:36] [Render thread/DEBUG] (FabricLoader/Mixin) fabric-resource-loader-v1.mixins.json:PackRepositoryMixin from mod fabric-resource-loader-v1->@Inject::handleAutoEnableDisable(Ljava/util/Collection;Lorg/spongepowered/asm/mixin/injection/callback/CallbackInfoReturnable;)V doesn't use it's CallbackInfoReturnable
[19:37:36] [Render thread/DEBUG] (FabricLoader/Mixin) fabric-resource-loader-v1.mixins.json:PackRepositoryMixin from mod fabric-resource-loader-v1->@Inject::handleAutoEnableDisable(Ljava/util/Collection;Lorg/spongepowered/asm/mixin/injection/callback/CallbackInfoReturnable;)V has 0 override(s) in child classes
[19:37:36] [Render thread/DEBUG] (FabricLoader/Mixin) fabric-resource-loader-v1.mixins.json:PackRepositoryMixin from mod fabric-resource-loader-v1->@Inject::handleAutoEnableDisable(Ljava/util/Collection;Lorg/spongepowered/asm/mixin/injection/callback/CallbackInfoReturnable;)V won't be passed a CallbackInfoReturnable as a result
[19:37:36] [Render thread/DEBUG] (FabricLoader/Mixin) fabric-resource-loader-v1.mixins.json:PackRepositoryMixin from mod fabric-resource-loader-v1->@Inject::handleAutoEnable(Ljava/lang/String;Lorg/spongepowered/asm/mixin/injection/callback/CallbackInfoReturnable;)V doesn't use it's CallbackInfoReturnable
[19:37:36] [Render thread/DEBUG] (FabricLoader/Mixin) fabric-resource-loader-v1.mixins.json:PackRepositoryMixin from mod fabric-resource-loader-v1->@Inject::handleAutoEnable(Ljava/lang/String;Lorg/spongepowered/asm/mixin/injection/callback/CallbackInfoReturnable;)V has 0 override(s) in child classes
[19:37:36] [Render thread/DEBUG] (FabricLoader/Mixin) fabric-resource-loader-v1.mixins.json:PackRepositoryMixin from mod fabric-resource-loader-v1->@Inject::handleAutoEnable(Ljava/lang/String;Lorg/spongepowered/asm/mixin/injection/callback/CallbackInfoReturnable;)V won't be passed a CallbackInfoReturnable as a result
[19:37:36] [Render thread/DEBUG] (FabricLoader/Mixin) fabric-resource-loader-v1.mixins.json:PackRepositoryMixin from mod fabric-resource-loader-v1->@Inject::handleAutoDisable(Ljava/lang/String;Lorg/spongepowered/asm/mixin/injection/callback/CallbackInfoReturnable;)V doesn't use it's CallbackInfoReturnable
[19:37:36] [Render thread/DEBUG] (FabricLoader/Mixin) fabric-resource-loader-v1.mixins.json:PackRepositoryMixin from mod fabric-resource-loader-v1->@Inject::handleAutoDisable(Ljava/lang/String;Lorg/spongepowered/asm/mixin/injection/callback/CallbackInfoReturnable;)V has 0 override(s) in child classes
[19:37:36] [Render thread/DEBUG] (FabricLoader/Mixin) fabric-resource-loader-v1.mixins.json:PackRepositoryMixin from mod fabric-resource-loader-v1->@Inject::handleAutoDisable(Ljava/lang/String;Lorg/spongepowered/asm/mixin/injection/callback/CallbackInfoReturnable;)V won't be passed a CallbackInfoReturnable as a result
[19:37:36] [Render thread/INFO] (com.mojang.authlib.yggdrasil.YggdrasilAuthenticationService) Environment: Environment[sessionHost=https://sessionserver.mojang.com, servicesHost=https://api.minecraftservices.com, profilesHost=https://api.mojang.com, name=PROD]
[19:37:36] [Yggdrasil Key Fetcher/DEBUG] (com.mojang.authlib.minecraft.client.MinecraftClient) Connecting to https://api.minecraftservices.com/publickeys
[19:37:36] [Render thread/DEBUG] (FabricLoader/Mixin) Mixing YggdrasilMinecraftSessionServiceAccessor from meteor-client.mixins.json into com.mojang.authlib.yggdrasil.YggdrasilMinecraftSessionService
[19:37:36] [Render thread/DEBUG] (FabricLoader/Mixin) Renaming @Invoker method meteor$createYggdrasilMinecraftSessionService(Lcom/mojang/authlib/yggdrasil/ServicesKeySet;Ljava/net/Proxy;Lcom/mojang/authlib/Environment;)Lcom/mojang/authlib/yggdrasil/YggdrasilMinecraftSessionService; to meteor$createYggdrasilMinecraftSessionService$meteor-client_$md$f8f435$0 in meteor-client.mixins.json:YggdrasilMinecraftSessionServiceAccessor from mod meteor-client
[19:37:36] [Download-1/DEBUG] (com.mojang.authlib.minecraft.client.MinecraftClient) Connecting to https://sessionserver.mojang.com/session/minecraft/profile/b9a5478936b6305e88157156cdd15c59?unsigned=false
[19:37:36] [Render thread/INFO] (net.minecraft.client.Minecraft) Setting user: SaltyNew
[19:37:36] [Download-2/DEBUG] (com.mojang.authlib.minecraft.client.MinecraftClient) Connecting to https://api.minecraftservices.com/player/attributes
[19:37:36] [Render thread/DEBUG] (FabricLoader/Entrypoint) No subscribers for entrypoint 'main'
[19:37:36] [Render thread/DEBUG] (FabricLoader/Entrypoint) Iterating over entrypoint 'client'
[19:37:36] [Render thread/DEBUG] (FabricLoader/Mixin) Mixing GameOptionsMixin from meteor-client.mixins.json into net.minecraft.client.Options
[19:37:36] [Render thread/DEBUG] (FabricLoader/Mixin) Mixing OptionsMixin from fabric-resource-loader-v1.client.mixins.json into net.minecraft.client.Options
[19:37:36] [Render thread/DEBUG] (FabricLoader/Mixin) meteor-client.mixins.json:GameOptionsMixin from mod meteor-client->@Inject::onInitAfterKeysAll(Lnet/minecraft/client/Minecraft;Ljava/io/File;Lorg/spongepowered/asm/mixin/injection/callback/CallbackInfo;)V doesn't use it's CallbackInfo
[19:37:36] [Render thread/DEBUG] (FabricLoader/Mixin) meteor-client.mixins.json:GameOptionsMixin from mod meteor-client->@Inject::onInitAfterKeysAll(Lnet/minecraft/client/Minecraft;Ljava/io/File;Lorg/spongepowered/asm/mixin/injection/callback/CallbackInfo;)V has 0 override(s) in child classes
[19:37:36] [Render thread/DEBUG] (FabricLoader/Mixin) meteor-client.mixins.json:GameOptionsMixin from mod meteor-client->@Inject::onInitAfterKeysAll(Lnet/minecraft/client/Minecraft;Ljava/io/File;Lorg/spongepowered/asm/mixin/injection/callback/CallbackInfo;)V won't be passed a CallbackInfo as a result
[19:37:36] [Render thread/DEBUG] (FabricLoader/Mixin) meteor-client.mixins.json:GameOptionsMixin from mod meteor-client->@Inject::setPerspective(Lnet/minecraft/client/CameraType;Lorg/spongepowered/asm/mixin/injection/callback/CallbackInfo;)V does use it's CallbackInfo
[19:37:36] [Render thread/DEBUG] (FabricLoader/Mixin) fabric-resource-loader-v1.client.mixins.json:OptionsMixin from mod fabric-resource-loader-v1->@Inject::onLoad(Lorg/spongepowered/asm/mixin/injection/callback/CallbackInfo;)V doesn't use it's CallbackInfo
[19:37:36] [Render thread/DEBUG] (FabricLoader/Mixin) fabric-resource-loader-v1.client.mixins.json:OptionsMixin from mod fabric-resource-loader-v1->@Inject::onLoad(Lorg/spongepowered/asm/mixin/injection/callback/CallbackInfo;)V has 0 override(s) in child classes
[19:37:36] [Render thread/DEBUG] (FabricLoader/Mixin) fabric-resource-loader-v1.client.mixins.json:OptionsMixin from mod fabric-resource-loader-v1->@Inject::onLoad(Lorg/spongepowered/asm/mixin/injection/callback/CallbackInfo;)V won't be passed a CallbackInfo as a result
[19:37:36] [Render thread/DEBUG] (FabricLoader/Mixin) fabric-resource-loader-v1.client.mixins.json:OptionsMixin from mod fabric-resource-loader-v1->@Inject::onLoad(Lorg/spongepowered/asm/mixin/injection/callback/CallbackInfo;)V doesn't use it's CallbackInfo
[19:37:36] [Render thread/DEBUG] (FabricLoader/Mixin) fabric-resource-loader-v1.client.mixins.json:OptionsMixin from mod fabric-resource-loader-v1->@Inject::onLoad(Lorg/spongepowered/asm/mixin/injection/callback/CallbackInfo;)V has 0 override(s) in child classes
[19:37:36] [Render thread/DEBUG] (FabricLoader/Mixin) fabric-resource-loader-v1.client.mixins.json:OptionsMixin from mod fabric-resource-loader-v1->@Inject::onLoad(Lorg/spongepowered/asm/mixin/injection/callback/CallbackInfo;)V won't be passed a CallbackInfo as a result
[19:37:36] [Render thread/DEBUG] (FabricLoader/Mixin) Mixing SimpleOptionMixin from meteor-client.mixins.json into net.minecraft.client.OptionInstance
[19:37:36] [Render thread/DEBUG] (FabricLoader/Mixin) Mixing ChatHudAccessor from meteor-client.mixins.json into net.minecraft.client.gui.components.ChatComponent
[19:37:36] [Render thread/DEBUG] (FabricLoader/Mixin) Mixing ChatHudMixin from meteor-client.mixins.json into net.minecraft.client.gui.components.ChatComponent
[19:37:36] [Render thread/DEBUG] (FabricLoader/Mixin) Renaming synthetic method lambda$onAddMessage$0(Lnet/minecraft/client/GuiMessage$Line;)Z to mdf8f435$meteor-client$lambda$onAddMessage$0$0 in meteor-client.mixins.json:ChatHudMixin from mod meteor-client
[19:37:36] [Render thread/DEBUG] (FabricLoader/Mixin) meteor-client.mixins.json:ChatHudMixin from mod meteor-client->@Inject::onAddMessageAfterNewChatHudLineVisible(Lnet/minecraft/client/GuiMessage;Lorg/spongepowered/asm/mixin/injection/callback/CallbackInfo;)V doesn't use it's CallbackInfo
[19:37:36] [Render thread/DEBUG] (FabricLoader/Mixin) meteor-client.mixins.json:ChatHudMixin from mod meteor-client->@Inject::onAddMessageAfterNewChatHudLineVisible(Lnet/minecraft/client/GuiMessage;Lorg/spongepowered/asm/mixin/injection/callback/CallbackInfo;)V has 0 override(s) in child classes
[19:37:36] [Render thread/DEBUG] (FabricLoader/Mixin) meteor-client.mixins.json:ChatHudMixin from mod meteor-client->@Inject::onAddMessageAfterNewChatHudLineVisible(Lnet/minecraft/client/GuiMessage;Lorg/spongepowered/asm/mixin/injection/callback/CallbackInfo;)V won't be passed a CallbackInfo as a result
[19:37:36] [Render thread/DEBUG] (FabricLoader/Mixin) meteor-client.mixins.json:ChatHudMixin from mod meteor-client->@Inject::onAddMessageAfterNewChatHudLine(Lnet/minecraft/client/GuiMessage;Lorg/spongepowered/asm/mixin/injection/callback/CallbackInfo;)V doesn't use it's CallbackInfo
[19:37:36] [Render thread/DEBUG] (FabricLoader/Mixin) meteor-client.mixins.json:ChatHudMixin from mod meteor-client->@Inject::onAddMessageAfterNewChatHudLine(Lnet/minecraft/client/GuiMessage;Lorg/spongepowered/asm/mixin/injection/callback/CallbackInfo;)V has 0 override(s) in child classes
[19:37:36] [Render thread/DEBUG] (FabricLoader/Mixin) meteor-client.mixins.json:ChatHudMixin from mod meteor-client->@Inject::onAddMessageAfterNewChatHudLine(Lnet/minecraft/client/GuiMessage;Lorg/spongepowered/asm/mixin/injection/callback/CallbackInfo;)V won't be passed a CallbackInfo as a result
[19:37:36] [Render thread/DEBUG] (FabricLoader/Mixin) meteor-client.mixins.json:ChatHudMixin from mod meteor-client->@Inject::onAddMessage(Lnet/minecraft/network/chat/Component;Lnet/minecraft/network/chat/MessageSignature;Lnet/minecraft/client/GuiMessageTag;Lorg/spongepowered/asm/mixin/injection/callback/CallbackInfo;)V does use it's CallbackInfo
[19:37:36] [Render thread/DEBUG] (FabricLoader/Mixin) meteor-client.mixins.json:ChatHudMixin from mod meteor-client->@Inject::onBreakChatMessageLines(Lnet/minecraft/client/GuiMessage;Lorg/spongepowered/asm/mixin/injection/callback/CallbackInfo;)V doesn't use it's CallbackInfo
[19:37:36] [Render thread/DEBUG] (FabricLoader/Mixin) meteor-client.mixins.json:ChatHudMixin from mod meteor-client->@Inject::onBreakChatMessageLines(Lnet/minecraft/client/GuiMessage;Lorg/spongepowered/asm/mixin/injection/callback/CallbackInfo;)V has 0 override(s) in child classes
[19:37:36] [Render thread/DEBUG] (FabricLoader/Mixin) meteor-client.mixins.json:ChatHudMixin from mod meteor-client->@Inject::onBreakChatMessageLines(Lnet/minecraft/client/GuiMessage;Lorg/spongepowered/asm/mixin/injection/callback/CallbackInfo;)V won't be passed a CallbackInfo as a result
[19:37:36] [Render thread/DEBUG] (FabricLoader/Mixin) meteor-client.mixins.json:ChatHudMixin from mod meteor-client->@Inject::onRemoveMessage(Lnet/minecraft/client/GuiMessage;Lorg/spongepowered/asm/mixin/injection/callback/CallbackInfo;)V doesn't use it's CallbackInfo
[19:37:36] [Render thread/DEBUG] (FabricLoader/Mixin) meteor-client.mixins.json:ChatHudMixin from mod meteor-client->@Inject::onRemoveMessage(Lnet/minecraft/client/GuiMessage;Lorg/spongepowered/asm/mixin/injection/callback/CallbackInfo;)V has 0 override(s) in child classes
[19:37:36] [Render thread/DEBUG] (FabricLoader/Mixin) meteor-client.mixins.json:ChatHudMixin from mod meteor-client->@Inject::onRemoveMessage(Lnet/minecraft/client/GuiMessage;Lorg/spongepowered/asm/mixin/injection/callback/CallbackInfo;)V won't be passed a CallbackInfo as a result
[19:37:36] [Render thread/DEBUG] (FabricLoader/Mixin) meteor-client.mixins.json:ChatHudMixin from mod meteor-client->@Inject::onClear(ZLorg/spongepowered/asm/mixin/injection/callback/CallbackInfo;)V doesn't use it's CallbackInfo
[19:37:36] [Render thread/DEBUG] (FabricLoader/Mixin) meteor-client.mixins.json:ChatHudMixin from mod meteor-client->@Inject::onClear(ZLorg/spongepowered/asm/mixin/injection/callback/CallbackInfo;)V has 0 override(s) in child classes
[19:37:36] [Render thread/DEBUG] (FabricLoader/Mixin) meteor-client.mixins.json:ChatHudMixin from mod meteor-client->@Inject::onClear(ZLorg/spongepowered/asm/mixin/injection/callback/CallbackInfo;)V won't be passed a CallbackInfo as a result
[19:37:36] [Render thread/DEBUG] (FabricLoader/Mixin) meteor-client.mixins.json:ChatHudMixin from mod meteor-client->@Inject::onRefresh(Lorg/spongepowered/asm/mixin/injection/callback/CallbackInfo;)V doesn't use it's CallbackInfo
[19:37:36] [Render thread/DEBUG] (FabricLoader/Mixin) meteor-client.mixins.json:ChatHudMixin from mod meteor-client->@Inject::onRefresh(Lorg/spongepowered/asm/mixin/injection/callback/CallbackInfo;)V has 0 override(s) in child classes
[19:37:36] [Render thread/DEBUG] (FabricLoader/Mixin) meteor-client.mixins.json:ChatHudMixin from mod meteor-client->@Inject::onRefresh(Lorg/spongepowered/asm/mixin/injection/callback/CallbackInfo;)V won't be passed a CallbackInfo as a result
[19:37:36] [Render thread/DEBUG] (FabricLoader/Mixin) Mixing PackMixin from fabric-resource-loader-v1.mixins.json into net.minecraft.server.packs.repository.Pack
[19:37:36] [Render thread/DEBUG] (FabricLoader/Mixin) Renaming synthetic method lambda$static$0(Ljava/util/Set;)Z to mdf8f435$fabric-resource-loader-v1$lambda$static$0$0 in fabric-resource-loader-v1.mixins.json:PackMixin from mod fabric-resource-loader-v1
[19:37:36] [Render thread/DEBUG] (FabricLoader/Mixin) fabric-resource-loader-v1.mixins.json:PackMixin from mod fabric-resource-loader-v1->@Inject::onCreateResourcePack(Lorg/spongepowered/asm/mixin/injection/callback/CallbackInfoReturnable;)V does use it's CallbackInfoReturnable
[19:37:36] [Render thread/DEBUG] (FabricLoader/Mixin) Mixing GameOptionsWriteVisitorMixin from fabric-resource-loader-v1.client.mixins.json into net.minecraft.client.Options$3
[19:37:36] [Render thread/INFO] (net.minecraft.client.Minecraft) Backend library: LWJGL version 3.3.3-snapshot
[19:37:36] [Download-1/DEBUG] (com.mojang.authlib.yggdrasil.YggdrasilMinecraftSessionService) Couldn't fetch profile properties for b9a54789-36b6-305e-8815-7156cdd15c59 as the profile does not exist
[19:37:37] [Render thread/DEBUG] (FabricLoader/Mixin) Mixing MouseMixin from meteor-client.mixins.json into net.minecraft.client.MouseHandler
[19:37:37] [Render thread/DEBUG] (FabricLoader/Mixin) meteor-client.mixins.json:MouseMixin from mod meteor-client->@Inject::onMouseButton(JLnet/minecraft/client/input/MouseButtonInfo;ILorg/spongepowered/asm/mixin/injection/callback/CallbackInfo;)V does use it's CallbackInfo
[19:37:37] [Render thread/DEBUG] (FabricLoader/Mixin) meteor-client.mixins.json:MouseMixin from mod meteor-client->@Inject::onMouseScroll(JDDLorg/spongepowered/asm/mixin/injection/callback/CallbackInfo;)V does use it's CallbackInfo
[19:37:37] [Render thread/DEBUG] (FabricLoader/Mixin) Mixing KeyboardMixin from meteor-client.mixins.json into net.minecraft.client.KeyboardHandler
[19:37:37] [Render thread/DEBUG] (FabricLoader/Mixin) meteor-client.mixins.json:KeyboardMixin from mod meteor-client->@Inject::onKey(JILnet/minecraft/client/input/KeyEvent;Lorg/spongepowered/asm/mixin/injection/callback/CallbackInfo;)V does use it's CallbackInfo
[19:37:37] [Render thread/DEBUG] (FabricLoader/Mixin) meteor-client.mixins.json:KeyboardMixin from mod meteor-client->@Inject::onChar(JLnet/minecraft/client/input/CharacterEvent;Lorg/spongepowered/asm/mixin/injection/callback/CallbackInfo;)V does use it's CallbackInfo
[19:37:37] [Render thread/DEBUG] (FabricLoader/Mixin) Mixing GlBackendMixin from meteor-client.mixins.json into com.mojang.blaze3d.opengl.GlDevice
[19:37:37] [Download-2/ERROR] (net.minecraft.client.Minecraft) Failed to fetch user properties
com.mojang.authlib.exceptions.InvalidCredentialsException: Status: 401
	at knot//com.mojang.authlib.exceptions.MinecraftClientHttpException.toAuthenticationException(MinecraftClientHttpException.java:59)
	at knot//com.mojang.authlib.yggdrasil.YggdrasilUserApiService.fetchProperties(YggdrasilUserApiService.java:150)
	at knot//net.minecraft.client.Minecraft.method_55608(Minecraft.java:457)
	at java.base/java.util.concurrent.CompletableFuture$AsyncSupply.run(CompletableFuture.java:1768)
	at java.base/java.util.concurrent.ThreadPoolExecutor.runWorker(ThreadPoolExecutor.java:1144)
	at java.base/java.util.concurrent.ThreadPoolExecutor$Worker.run(ThreadPoolExecutor.java:642)
	at java.base/java.lang.Thread.run(Thread.java:1583)
Caused by: com.mojang.authlib.exceptions.MinecraftClientHttpException: Status: 401
	at knot//com.mojang.authlib.minecraft.client.MinecraftClient.readInputStream(MinecraftClient.java:103)
	at knot//com.mojang.authlib.minecraft.client.MinecraftClient.get(MinecraftClient.java:56)
	at knot//com.mojang.authlib.yggdrasil.YggdrasilUserApiService.fetchProperties(YggdrasilUserApiService.java:121)
	... 5 more
[19:37:37] [Render thread/DEBUG] (FabricLoader/Mixin) Mixing CapabilityTrackerMixin from meteor-client.mixins.json into com.mojang.blaze3d.opengl.GlStateManager$BooleanState
[19:37:37] [Render thread/DEBUG] (FabricLoader/Mixin) Mixing GlCommandEncoderMixin from meteor-client.mixins.json into com.mojang.blaze3d.opengl.GlCommandEncoder
[19:37:37] [Render thread/DEBUG] (FabricLoader/Mixin) meteor-client.mixins.json:GlCommandEncoderMixin from mod meteor-client->@Inject::createRenderPass$iGpuDevice(Lorg/spongepowered/asm/mixin/injection/callback/CallbackInfoReturnable;)V does use it's CallbackInfoReturnable
[19:37:37] [Render thread/DEBUG] (FabricLoader/Mixin) meteor-client.mixins.json:GlCommandEncoderMixin from mod meteor-client->@Inject::setPipelineAndApplyState$lineSmooth(Lcom/mojang/blaze3d/pipeline/RenderPipeline;Lorg/spongepowered/asm/mixin/injection/callback/CallbackInfo;)V doesn't use it's CallbackInfo
[19:37:37] [Render thread/DEBUG] (FabricLoader/Mixin) meteor-client.mixins.json:GlCommandEncoderMixin from mod meteor-client->@Inject::setPipelineAndApplyState$lineSmooth(Lcom/mojang/blaze3d/pipeline/RenderPipeline;Lorg/spongepowered/asm/mixin/injection/callback/CallbackInfo;)V has 0 override(s) in child classes
[19:37:37] [Render thread/DEBUG] (FabricLoader/Mixin) meteor-client.mixins.json:GlCommandEncoderMixin from mod meteor-client->@Inject::setPipelineAndApplyState$lineSmooth(Lcom/mojang/blaze3d/pipeline/RenderPipeline;Lorg/spongepowered/asm/mixin/injection/callback/CallbackInfo;)V won't be passed a CallbackInfo as a result
[19:37:37] [Render thread/DEBUG] (FabricLoader/Mixin) Mixing WorldRendererAccessor from meteor-client.mixins.json into net.minecraft.client.renderer.LevelRenderer
[19:37:37] [Render thread/DEBUG] (FabricLoader/Mixin) Mixing WorldRendererMixin from meteor-client.mixins.json into net.minecraft.client.renderer.LevelRenderer
[19:37:37] [Render thread/DEBUG] (FabricLoader/Mixin) Renaming synthetic method lambda$meteor$pushEntityOutlineFramebuffer$3(Lcom/mojang/blaze3d/pipeline/RenderTarget;)Lcom/mojang/blaze3d/pipeline/RenderTarget; to mdf8f435$meteor-client$lambda$meteor$pushEntityOutlineFramebuffer$3$0 in meteor-client.mixins.json:WorldRendererMixin from mod meteor-client
[19:37:37] [Render thread/DEBUG] (FabricLoader/Mixin) Renaming synthetic method lambda$onPushEntityRenders$2(Lnet/minecraft/world/entity/Entity;)Lmeteordevelopment/meteorclient/utils/render/color/Color; to mdf8f435$meteor-client$lambda$onPushEntityRenders$2$1 in meteor-client.mixins.json:WorldRendererMixin from mod meteor-client
[19:37:37] [Render thread/DEBUG] (FabricLoader/Mixin) Renaming synthetic method lambda$onPushEntityRenders$1(Lnet/minecraft/world/entity/Entity;)Lmeteordevelopment/meteorclient/utils/render/color/Color; to mdf8f435$meteor-client$lambda$onPushEntityRenders$1$2 in meteor-client.mixins.json:WorldRendererMixin from mod meteor-client
[19:37:37] [Render thread/DEBUG] (FabricLoader/Mixin) Renaming synthetic method lambda$onPushEntityRenders$0()Lnet/minecraft/client/renderer/MultiBufferSource; to mdf8f435$meteor-client$lambda$onPushEntityRenders$0$3 in meteor-client.mixins.json:WorldRendererMixin from mod meteor-client
[19:37:37] [Render thread/DEBUG] (FabricLoader/Mixin) Mixing KeyedClientResourceReloadListenerMixin from fabric-resource-loader-v1.client.mixins.json into net.minecraft.client.renderer.LevelRenderer
[19:37:37] [Render thread/DEBUG] (FabricLoader/Mixin) meteor-client.mixins.json:WorldRendererMixin from mod meteor-client->@Inject::onSetWorld(Lnet/minecraft/client/multiplayer/ClientLevel;Lorg/spongepowered/asm/mixin/injection/callback/CallbackInfo;)V doesn't use it's CallbackInfo
[19:37:37] [Render thread/DEBUG] (FabricLoader/Mixin) meteor-client.mixins.json:WorldRendererMixin from mod meteor-client->@Inject::onSetWorld(Lnet/minecraft/client/multiplayer/ClientLevel;Lorg/spongepowered/asm/mixin/injection/callback/CallbackInfo;)V has 0 override(s) in child classes
[19:37:37] [Render thread/DEBUG] (FabricLoader/Mixin) meteor-client.mixins.json:WorldRendererMixin from mod meteor-client->@Inject::onSetWorld(Lnet/minecraft/client/multiplayer/ClientLevel;Lorg/spongepowered/asm/mixin/injection/callback/CallbackInfo;)V won't be passed a CallbackInfo as a result
[19:37:37] [Render thread/DEBUG] (FabricLoader/Mixin) meteor-client.mixins.json:WorldRendererMixin from mod meteor-client->@Inject::onCheckEmpty(Lcom/mojang/blaze3d/vertex/PoseStack;Lorg/spongepowered/asm/mixin/injection/callback/CallbackInfo;)V does use it's CallbackInfo
[19:37:37] [Render thread/DEBUG] (FabricLoader/Mixin) meteor-client.mixins.json:WorldRendererMixin from mod meteor-client->@Inject::onDrawHighlightedBlockOutline(Lcom/mojang/blaze3d/vertex/PoseStack;Lcom/mojang/blaze3d/vertex/VertexConsumer;DDDLnet/minecraft/client/renderer/state/BlockOutlineRenderState;IFLorg/spongepowered/asm/mixin/injection/callback/CallbackInfo;)V does use it's CallbackInfo
[19:37:37] [Render thread/DEBUG] (FabricLoader/Mixin) meteor-client.mixins.json:WorldRendererMixin from mod meteor-client->@Inject::hasBlindnessOrDarkness(Lnet/minecraft/client/Camera;Lorg/spongepowered/asm/mixin/injection/callback/CallbackInfoReturnable;)V does use it's CallbackInfoReturnable
[19:37:37] [Render thread/DEBUG] (FabricLoader/Mixin) meteor-client.mixins.json:WorldRendererMixin from mod meteor-client->@Inject::onRenderHead(Lcom/mojang/blaze3d/resource/GraphicsResourceAllocator;Lnet/minecraft/client/DeltaTracker;ZLnet/minecraft/client/Camera;Lorg/joml/Matrix4f;Lorg/joml/Matrix4f;Lorg/joml/Matrix4f;Lcom/mojang/blaze3d/buffers/GpuBufferSlice;Lorg/joml/Vector4f;ZLorg/spongepowered/asm/mixin/injection/callback/CallbackInfo;)V doesn't use it's CallbackInfo
[19:37:37] [Render thread/DEBUG] (FabricLoader/Mixin) meteor-client.mixins.json:WorldRendererMixin from mod meteor-client->@Inject::onRenderHead(Lcom/mojang/blaze3d/resource/GraphicsResourceAllocator;Lnet/minecraft/client/DeltaTracker;ZLnet/minecraft/client/Camera;Lorg/joml/Matrix4f;Lorg/joml/Matrix4f;Lorg/joml/Matrix4f;Lcom/mojang/blaze3d/buffers/GpuBufferSlice;Lorg/joml/Vector4f;ZLorg/spongepowered/asm/mixin/injection/callback/CallbackInfo;)V has 0 override(s) in child classes
[19:37:37] [Render thread/DEBUG] (FabricLoader/Mixin) meteor-client.mixins.json:WorldRendererMixin from mod meteor-client->@Inject::onRenderHead(Lcom/mojang/blaze3d/resource/GraphicsResourceAllocator;Lnet/minecraft/client/DeltaTracker;ZLnet/minecraft/client/Camera;Lorg/joml/Matrix4f;Lorg/joml/Matrix4f;Lorg/joml/Matrix4f;Lcom/mojang/blaze3d/buffers/GpuBufferSlice;Lorg/joml/Vector4f;ZLorg/spongepowered/asm/mixin/injection/callback/CallbackInfo;)V won't be passed a CallbackInfo as a result
[19:37:37] [Render thread/DEBUG] (FabricLoader/Mixin) meteor-client.mixins.json:WorldRendererMixin from mod meteor-client->@Inject::onPushEntityRenders(Lcom/mojang/blaze3d/vertex/PoseStack;Lnet/minecraft/client/renderer/state/LevelRenderState;Lnet/minecraft/client/renderer/SubmitNodeCollector;Lorg/spongepowered/asm/mixin/injection/callback/CallbackInfo;)V doesn't use it's CallbackInfo
[19:37:37] [Render thread/DEBUG] (FabricLoader/Mixin) meteor-client.mixins.json:WorldRendererMixin from mod meteor-client->@Inject::onPushEntityRenders(Lcom/mojang/blaze3d/vertex/PoseStack;Lnet/minecraft/client/renderer/state/LevelRenderState;Lnet/minecraft/client/renderer/SubmitNodeCollector;Lorg/spongepowered/asm/mixin/injection/callback/CallbackInfo;)V has 0 override(s) in child classes
[19:37:37] [Render thread/DEBUG] (FabricLoader/Mixin) meteor-client.mixins.json:WorldRendererMixin from mod meteor-client->@Inject::onPushEntityRenders(Lcom/mojang/blaze3d/vertex/PoseStack;Lnet/minecraft/client/renderer/state/LevelRenderState;Lnet/minecraft/client/renderer/SubmitNodeCollector;Lorg/spongepowered/asm/mixin/injection/callback/CallbackInfo;)V won't be passed a CallbackInfo as a result
[19:37:37] [Render thread/DEBUG] (FabricLoader/Mixin) meteor-client.mixins.json:WorldRendererMixin from mod meteor-client->@Inject::onRender(Lorg/spongepowered/asm/mixin/injection/callback/CallbackInfo;)V doesn't use it's CallbackInfo
[19:37:37] [Render thread/DEBUG] (FabricLoader/Mixin) meteor-client.mixins.json:WorldRendererMixin from mod meteor-client->@Inject::onRender(Lorg/spongepowered/asm/mixin/injection/callback/CallbackInfo;)V has 0 override(s) in child classes
[19:37:37] [Render thread/DEBUG] (FabricLoader/Mixin) meteor-client.mixins.json:WorldRendererMixin from mod meteor-client->@Inject::onRender(Lorg/spongepowered/asm/mixin/injection/callback/CallbackInfo;)V won't be passed a CallbackInfo as a result
[19:37:37] [Render thread/DEBUG] (FabricLoader/Mixin) meteor-client.mixins.json:WorldRendererMixin from mod meteor-client->@Inject::onResized(IILorg/spongepowered/asm/mixin/injection/callback/CallbackInfo;)V doesn't use it's CallbackInfo
[19:37:37] [Render thread/DEBUG] (FabricLoader/Mixin) meteor-client.mixins.json:WorldRendererMixin from mod meteor-client->@Inject::onResized(IILorg/spongepowered/asm/mixin/injection/callback/CallbackInfo;)V has 0 override(s) in child classes
[19:37:37] [Render thread/DEBUG] (FabricLoader/Mixin) meteor-client.mixins.json:WorldRendererMixin from mod meteor-client->@Inject::onResized(IILorg/spongepowered/asm/mixin/injection/callback/CallbackInfo;)V won't be passed a CallbackInfo as a result
[19:37:37] [Render thread/DEBUG] (FabricLoader/Mixin) meteor-client.mixins.json:WorldRendererMixin from mod meteor-client->@Inject::init$IWorldRenderer(Lorg/spongepowered/asm/mixin/injection/callback/CallbackInfo;)V doesn't use it's CallbackInfo
[19:37:37] [Render thread/DEBUG] (FabricLoader/Mixin) meteor-client.mixins.json:WorldRendererMixin from mod meteor-client->@Inject::init$IWorldRenderer(Lorg/spongepowered/asm/mixin/injection/callback/CallbackInfo;)V has 0 override(s) in child classes
[19:37:37] [Render thread/DEBUG] (FabricLoader/Mixin) meteor-client.mixins.json:WorldRendererMixin from mod meteor-client->@Inject::init$IWorldRenderer(Lorg/spongepowered/asm/mixin/injection/callback/CallbackInfo;)V won't be passed a CallbackInfo as a result
[19:37:37] [Render thread/INFO] (net.minecraft.client.Minecraft) Using optional rendering extensions: GL_ARB_buffer_storage, GL_KHR_debug, GL_ARB_vertex_attrib_binding, GL_ARB_direct_state_access, GL_EXT_texture_filter_anisotropic
[19:37:37] [Render thread/DEBUG] (FabricLoader/Mixin) Mixing MultiPackResourceManagerMixin from fabric-resource-loader-v1.mixins.json into net.minecraft.server.packs.resources.MultiPackResourceManager
[19:37:37] [Render thread/DEBUG] (FabricLoader/Mixin) fabric-resource-loader-v1.mixins.json:MultiPackResourceManagerMixin from mod fabric-resource-loader-v1->@Inject::init(Lnet/minecraft/server/packs/PackType;Ljava/util/List;Lorg/spongepowered/asm/mixin/injection/callback/CallbackInfo;)V doesn't use it's CallbackInfo
[19:37:37] [Render thread/DEBUG] (FabricLoader/Mixin) fabric-resource-loader-v1.mixins.json:MultiPackResourceManagerMixin from mod fabric-resource-loader-v1->@Inject::init(Lnet/minecraft/server/packs/PackType;Ljava/util/List;Lorg/spongepowered/asm/mixin/injection/callback/CallbackInfo;)V has 0 override(s) in child classes
[19:37:37] [Render thread/DEBUG] (FabricLoader/Mixin) fabric-resource-loader-v1.mixins.json:MultiPackResourceManagerMixin from mod fabric-resource-loader-v1->@Inject::init(Lnet/minecraft/server/packs/PackType;Ljava/util/List;Lorg/spongepowered/asm/mixin/injection/callback/CallbackInfo;)V won't be passed a CallbackInfo as a result
[19:37:37] [Render thread/DEBUG] (net.fabricmc.fabric.impl.resource.pack.ModPackResourcesUtil) [Fabric] Starting internal pack sorting with: [vanilla, fabric-api-base, fabric-resource-loader-v1, fabricloader, meteor-client]
[19:37:37] [Render thread/DEBUG] (net.fabricmc.fabric.impl.resource.pack.ModPackResourcesUtil) [Fabric] Removed all internal packs, result: [vanilla]
[19:37:37] [Render thread/DEBUG] (net.fabricmc.fabric.impl.resource.pack.ModPackResourcesUtil) [Fabric] cur @ vanilla, auto-enabled fabric-api-base, currently enabled: [vanilla, fabric-api-base]
[19:37:37] [Render thread/DEBUG] (net.fabricmc.fabric.impl.resource.pack.ModPackResourcesUtil) [Fabric] cur @ vanilla, auto-enabled fabric-resource-loader-v1, currently enabled: [vanilla, fabric-api-base, fabric-resource-loader-v1]
[19:37:37] [Render thread/DEBUG] (net.fabricmc.fabric.impl.resource.pack.ModPackResourcesUtil) [Fabric] cur @ vanilla, auto-enabled fabricloader, currently enabled: [vanilla, fabric-api-base, fabric-resource-loader-v1, fabricloader]
[19:37:37] [Render thread/DEBUG] (net.fabricmc.fabric.impl.resource.pack.ModPackResourcesUtil) [Fabric] cur @ vanilla, auto-enabled meteor-client, currently enabled: [vanilla, fabric-api-base, fabric-resource-loader-v1, fabricloader, meteor-client]
[19:37:37] [Render thread/DEBUG] (net.fabricmc.fabric.impl.resource.pack.ModPackResourcesUtil) [Fabric] Final sorting result: [vanilla, fabric-api-base, fabric-resource-loader-v1, fabricloader, meteor-client]
[19:37:37] [Render thread/DEBUG] (net.fabricmc.fabric.impl.resource.pack.ModPackResourcesUtil) [Fabric] Starting internal pack sorting with: [vanilla, fabric-api-base, fabric-resource-loader-v1, fabricloader, meteor-client]
[19:37:37] [Render thread/DEBUG] (net.fabricmc.fabric.impl.resource.pack.ModPackResourcesUtil) [Fabric] Removed all internal packs, result: [vanilla]
[19:37:37] [Render thread/DEBUG] (net.fabricmc.fabric.impl.resource.pack.ModPackResourcesUtil) [Fabric] cur @ vanilla, auto-enabled fabric-api-base, currently enabled: [vanilla, fabric-api-base]
[19:37:37] [Render thread/DEBUG] (net.fabricmc.fabric.impl.resource.pack.ModPackResourcesUtil) [Fabric] cur @ vanilla, auto-enabled fabric-resource-loader-v1, currently enabled: [vanilla, fabric-api-base, fabric-resource-loader-v1]
[19:37:37] [Render thread/DEBUG] (net.fabricmc.fabric.impl.resource.pack.ModPackResourcesUtil) [Fabric] cur @ vanilla, auto-enabled fabricloader, currently enabled: [vanilla, fabric-api-base, fabric-resource-loader-v1, fabricloader]
[19:37:37] [Render thread/DEBUG] (net.fabricmc.fabric.impl.resource.pack.ModPackResourcesUtil) [Fabric] cur @ vanilla, auto-enabled meteor-client, currently enabled: [vanilla, fabric-api-base, fabric-resource-loader-v1, fabricloader, meteor-client]
[19:37:37] [Render thread/DEBUG] (net.fabricmc.fabric.impl.resource.pack.ModPackResourcesUtil) [Fabric] Final sorting result: [vanilla, fabric-api-base, fabric-resource-loader-v1, fabricloader, meteor-client]
[19:37:37] [Render thread/DEBUG] (FabricLoader/Mixin) Mixing KeyedClientResourceReloadListenerMixin from fabric-resource-loader-v1.client.mixins.json into net.minecraft.client.resources.language.LanguageManager
[19:37:37] [Render thread/DEBUG] (FabricLoader/Mixin) Mixing KeyedClientResourceReloadListenerMixin from fabric-resource-loader-v1.client.mixins.json into net.minecraft.client.renderer.texture.TextureManager
[19:37:37] [Render thread/DEBUG] (FabricLoader/Mixin) Mixing ShaderLoaderMixin from meteor-client.mixins.json into net.minecraft.client.renderer.ShaderManager
[19:37:37] [Render thread/DEBUG] (FabricLoader/Mixin) Mixing KeyedClientResourceReloadListenerMixin from fabric-resource-loader-v1.client.mixins.json into net.minecraft.client.renderer.ShaderManager
[19:37:37] [Render thread/DEBUG] (FabricLoader/Mixin) meteor-client.mixins.json:ShaderLoaderMixin from mod meteor-client->@Inject::meteor$reloadPipelines(Lorg/spongepowered/asm/mixin/injection/callback/CallbackInfo;)V doesn't use it's CallbackInfo
[19:37:37] [Render thread/DEBUG] (FabricLoader/Mixin) meteor-client.mixins.json:ShaderLoaderMixin from mod meteor-client->@Inject::meteor$reloadPipelines(Lorg/spongepowered/asm/mixin/injection/callback/CallbackInfo;)V has 0 override(s) in child classes
[19:37:37] [Render thread/DEBUG] (FabricLoader/Mixin) meteor-client.mixins.json:ShaderLoaderMixin from mod meteor-client->@Inject::meteor$reloadPipelines(Lorg/spongepowered/asm/mixin/injection/callback/CallbackInfo;)V won't be passed a CallbackInfo as a result
[19:37:37] [Render thread/DEBUG] (FabricLoader/Mixin) Mixing ProjectionMatrix2Accessor from meteor-client.mixins.json into net.minecraft.client.renderer.CachedOrthoProjectionMatrixBuffer
[19:37:37] [Render thread/DEBUG] (FabricLoader/Mixin) Mixing PlayerSkinProviderAccessor from meteor-client.mixins.json into net.minecraft.client.resources.SkinManager
[19:37:37] [Render thread/DEBUG] (FabricLoader/Mixin) Mixing FileCacheAccessor from meteor-client.mixins.json into net.minecraft.client.resources.SkinManager$TextureCache
[19:37:37] [Render thread/DEBUG] (FabricLoader/Mixin) Mixing KeyedClientResourceReloadListenerMixin from fabric-resource-loader-v1.client.mixins.json into net.minecraft.client.sounds.SoundManager
[19:37:37] [Render thread/DEBUG] (FabricLoader/Mixin) Mixing SoundSystemMixin from meteor-client.mixins.json into net.minecraft.client.sounds.SoundEngine
[19:37:37] [Render thread/DEBUG] (FabricLoader/Mixin) meteor-client.mixins.json:SoundSystemMixin from mod meteor-client->@Inject::onPlay(Lnet/minecraft/client/resources/sounds/SoundInstance;Lorg/spongepowered/asm/mixin/injection/callback/CallbackInfoReturnable;)V does use it's CallbackInfoReturnable
[19:37:37] [Render thread/DEBUG] (FabricLoader/Mixin) meteor-client.mixins.json:SoundSystemMixin from mod meteor-client->@Inject::onTick(Lorg/spongepowered/asm/mixin/injection/callback/CallbackInfo;)V doesn't use it's CallbackInfo
[19:37:37] [Render thread/DEBUG] (FabricLoader/Mixin) meteor-client.mixins.json:SoundSystemMixin from mod meteor-client->@Inject::onTick(Lorg/spongepowered/asm/mixin/injection/callback/CallbackInfo;)V has 0 override(s) in child classes
[19:37:37] [Render thread/DEBUG] (FabricLoader/Mixin) meteor-client.mixins.json:SoundSystemMixin from mod meteor-client->@Inject::onTick(Lorg/spongepowered/asm/mixin/injection/callback/CallbackInfo;)V won't be passed a CallbackInfo as a result
[19:37:37] [Render thread/DEBUG] (FabricLoader/Mixin) Mixing SplashTextResourceSupplierMixin from meteor-client.mixins.json into net.minecraft.client.resources.SplashManager
[19:37:37] [Render thread/DEBUG] (FabricLoader/Mixin) Mixing KeyedClientResourceReloadListenerMixin from fabric-resource-loader-v1.client.mixins.json into net.minecraft.client.resources.SplashManager
[19:37:37] [Render thread/DEBUG] (FabricLoader/Mixin) meteor-client.mixins.json:SplashTextResourceSupplierMixin from mod meteor-client->@Inject::onApply(Lorg/spongepowered/asm/mixin/injection/callback/CallbackInfoReturnable;)V does use it's CallbackInfoReturnable
[19:37:37] [Render thread/DEBUG] (FabricLoader/Mixin) Mixing KeyedClientResourceReloadListenerMixin from fabric-resource-loader-v1.client.mixins.json into net.minecraft.client.resources.model.AtlasManager
[19:37:37] [Render thread/DEBUG] (FabricLoader/Mixin) Mixing KeyedClientResourceReloadListenerMixin from fabric-resource-loader-v1.client.mixins.json into net.minecraft.client.gui.font.FontManager
[19:37:37] [Render thread/DEBUG] (FabricLoader/Mixin) Mixing TextRendererMixin from meteor-client.mixins.json into net.minecraft.client.gui.Font
[19:37:37] [Render thread/DEBUG] (FabricLoader/Mixin) Mixing TextHandlerAccessor from meteor-client.mixins.json into net.minecraft.client.StringSplitter
[19:37:37] [Render thread/DEBUG] (FabricLoader/Mixin) Mixing KeyedClientResourceReloadListenerMixin from fabric-resource-loader-v1.client.mixins.json into net.minecraft.client.resources.GrassColorReloadListener
[19:37:37] [Render thread/DEBUG] (FabricLoader/Mixin) Mixing KeyedClientResourceReloadListenerMixin from fabric-resource-loader-v1.client.mixins.json into net.minecraft.client.resources.FoliageColorReloadListener
[19:37:37] [Render thread/DEBUG] (FabricLoader/Mixin) Mixing KeyedClientResourceReloadListenerMixin from fabric-resource-loader-v1.client.mixins.json into net.minecraft.client.resources.DryFoliageColorReloadListener
[19:37:37] [Render thread/DEBUG] (FabricLoader/Mixin) Mixing BlockColorsMixin from meteor-client.mixins.json into net.minecraft.client.color.block.BlockColors
[19:37:37] [Render thread/DEBUG] (FabricLoader/Mixin) Renaming synthetic method lambda$modifyBirchLeavesColor$1(Lnet/minecraft/world/level/block/state/BlockState;Lnet/minecraft/world/level/BlockAndTintGetter;Lnet/minecraft/core/BlockPos;I)I to mdf8f435$meteor-client$lambda$modifyBirchLeavesColor$1$0 in meteor-client.mixins.json:BlockColorsMixin from mod meteor-client
[19:37:37] [Render thread/DEBUG] (FabricLoader/Mixin) Renaming synthetic method lambda$modifySpruceLeavesColor$0(Lnet/minecraft/world/level/block/state/BlockState;Lnet/minecraft/world/level/BlockAndTintGetter;Lnet/minecraft/core/BlockPos;I)I to mdf8f435$meteor-client$lambda$modifySpruceLeavesColor$0$1 in meteor-client.mixins.json:BlockColorsMixin from mod meteor-client
[19:37:37] [Render thread/DEBUG] (FabricLoader/Mixin) Mixing KeyedClientResourceReloadListenerMixin from fabric-resource-loader-v1.client.mixins.json into net.minecraft.client.resources.model.ModelManager
[19:37:37] [Render thread/DEBUG] (FabricLoader/Mixin) Mixing KeyedClientResourceReloadListenerMixin from fabric-resource-loader-v1.client.mixins.json into net.minecraft.client.resources.model.EquipmentAssetManager
[19:37:37] [Render thread/DEBUG] (FabricLoader/Mixin) Mixing MapTextureManagerAccessor from meteor-client.mixins.json into net.minecraft.client.resources.MapTextureManager
[19:37:37] [Render thread/DEBUG] (FabricLoader/Mixin) Mixing MapRendererMixin from meteor-client.mixins.json into net.minecraft.client.renderer.MapRenderer
[19:37:37] [Render thread/DEBUG] (FabricLoader/Mixin) meteor-client.mixins.json:MapRendererMixin from mod meteor-client->@Inject::onDraw(Lnet/minecraft/client/renderer/state/MapRenderState;Lcom/mojang/blaze3d/vertex/PoseStack;Lnet/minecraft/client/renderer/SubmitNodeCollector;ZILorg/spongepowered/asm/mixin/injection/callback/CallbackInfo;)V does use it's CallbackInfo
[19:37:37] [Render thread/DEBUG] (FabricLoader/Mixin) Mixing BlockRenderManagerMixin from meteor-client.mixins.json into net.minecraft.client.renderer.block.BlockRenderDispatcher
[19:37:37] [Render thread/DEBUG] (FabricLoader/Mixin) Mixing KeyedClientResourceReloadListenerMixin from fabric-resource-loader-v1.client.mixins.json into net.minecraft.client.renderer.block.BlockRenderDispatcher
[19:37:37] [Render thread/DEBUG] (FabricLoader/Mixin) meteor-client.mixins.json:BlockRenderManagerMixin from mod meteor-client->@Inject::renderDamage(Lnet/minecraft/world/level/block/state/BlockState;Lnet/minecraft/core/BlockPos;Lnet/minecraft/world/level/BlockAndTintGetter;Lcom/mojang/blaze3d/vertex/PoseStack;Lcom/mojang/blaze3d/vertex/VertexConsumer;Lorg/spongepowered/asm/mixin/injection/callback/CallbackInfo;)V does use it's CallbackInfo
[19:37:37] [Render thread/DEBUG] (FabricLoader/Mixin) Mixing BlockModelRendererMixin from meteor-client.mixins.json into net.minecraft.client.renderer.block.ModelBlockRenderer
[19:37:37] [Render thread/DEBUG] (FabricLoader/Mixin) meteor-client.mixins.json:BlockModelRendererMixin from mod meteor-client->@Inject::onRenderSmooth(Lnet/minecraft/world/level/BlockAndTintGetter;Ljava/util/List;Lnet/minecraft/world/level/block/state/BlockState;Lnet/minecraft/core/BlockPos;Lcom/mojang/blaze3d/vertex/PoseStack;Lcom/mojang/blaze3d/vertex/VertexConsumer;ZILorg/spongepowered/asm/mixin/injection/callback/CallbackInfo;)V does use it's CallbackInfo
[19:37:37] [Render thread/DEBUG] (FabricLoader/Mixin) meteor-client.mixins.json:BlockModelRendererMixin from mod meteor-client->@Inject::onRenderSmooth(Lnet/minecraft/world/level/BlockAndTintGetter;Ljava/util/List;Lnet/minecraft/world/level/block/state/BlockState;Lnet/minecraft/core/BlockPos;Lcom/mojang/blaze3d/vertex/PoseStack;Lcom/mojang/blaze3d/vertex/VertexConsumer;ZILorg/spongepowered/asm/mixin/injection/callback/CallbackInfo;)V does use it's CallbackInfo
[19:37:37] [Render thread/DEBUG] (FabricLoader/Mixin) ArgsClassGenerator assigning org.spongepowered.asm.synthetic.args.Args$3 for descriptor (Lcom/mojang/blaze3d/vertex/PoseStack$Pose;Lnet/minecraft/client/renderer/block/model/BakedQuad;[FFFFF[II)V
[19:37:37] [Render thread/DEBUG] (FabricLoader/Mixin) Mixing EntityRenderManagerMixin from meteor-client.mixins.json into net.minecraft.client.renderer.entity.EntityRenderDispatcher
[19:37:37] [Render thread/DEBUG] (FabricLoader/Mixin) Mixing KeyedClientResourceReloadListenerMixin from fabric-resource-loader-v1.client.mixins.json into net.minecraft.client.renderer.entity.EntityRenderDispatcher
[19:37:37] [Render thread/DEBUG] (FabricLoader/Mixin) meteor-client.mixins.json:EntityRenderManagerMixin from mod meteor-client->@Inject::render(Lnet/minecraft/client/renderer/entity/state/EntityRenderState;Lnet/minecraft/client/renderer/state/CameraRenderState;DDDLcom/mojang/blaze3d/vertex/PoseStack;Lnet/minecraft/client/renderer/SubmitNodeCollector;Lorg/spongepowered/asm/mixin/injection/callback/CallbackInfo;)V does use it's CallbackInfo
[19:37:37] [Render thread/DEBUG] (FabricLoader/Mixin) Mixing EntityRendererMixin from meteor-client.mixins.json into net.minecraft.client.renderer.entity.EntityRenderer
[19:37:37] [Render thread/DEBUG] (FabricLoader/Mixin) meteor-client.mixins.json:EntityRendererMixin from mod meteor-client->@Inject::onInit(Lnet/minecraft/client/renderer/entity/EntityRendererProvider$Context;Lorg/spongepowered/asm/mixin/injection/callback/CallbackInfo;)V doesn't use it's CallbackInfo
[19:37:37] [Render thread/DEBUG] (FabricLoader/Mixin) meteor-client.mixins.json:EntityRendererMixin from mod meteor-client->@Inject::onInit(Lnet/minecraft/client/renderer/entity/EntityRendererProvider$Context;Lorg/spongepowered/asm/mixin/injection/callback/CallbackInfo;)V has 0 override(s) in child classes
[19:37:37] [Render thread/DEBUG] (FabricLoader/Mixin) meteor-client.mixins.json:EntityRendererMixin from mod meteor-client->@Inject::onInit(Lnet/minecraft/client/renderer/entity/EntityRendererProvider$Context;Lorg/spongepowered/asm/mixin/injection/callback/CallbackInfo;)V won't be passed a CallbackInfo as a result
[19:37:37] [Render thread/DEBUG] (FabricLoader/Mixin) meteor-client.mixins.json:EntityRendererMixin from mod meteor-client->@Inject::onRenderLabel(Lnet/minecraft/world/entity/Entity;Lorg/spongepowered/asm/mixin/injection/callback/CallbackInfoReturnable;)V does use it's CallbackInfoReturnable
[19:37:37] [Render thread/DEBUG] (FabricLoader/Mixin) meteor-client.mixins.json:EntityRendererMixin from mod meteor-client->@Inject::shouldRender(Lnet/minecraft/world/entity/Entity;Lnet/minecraft/client/renderer/culling/Frustum;DDDLorg/spongepowered/asm/mixin/injection/callback/CallbackInfoReturnable;)V does use it's CallbackInfoReturnable
[19:37:37] [Render thread/DEBUG] (FabricLoader/Mixin) meteor-client.mixins.json:EntityRendererMixin from mod meteor-client->@Inject::canBeCulled(Lnet/minecraft/world/entity/Entity;Lorg/spongepowered/asm/mixin/injection/callback/CallbackInfoReturnable;)V does use it's CallbackInfoReturnable
[19:37:37] [Render thread/DEBUG] (FabricLoader/Mixin) meteor-client.mixins.json:EntityRendererMixin from mod meteor-client->@Inject::onGetOutlineColor(Lnet/minecraft/world/entity/Entity;Lnet/minecraft/client/renderer/entity/state/EntityRenderState;FLorg/spongepowered/asm/mixin/injection/callback/CallbackInfo;)V doesn't use it's CallbackInfo
[19:37:37] [Render thread/DEBUG] (FabricLoader/Mixin) meteor-client.mixins.json:EntityRendererMixin from mod meteor-client->@Inject::onGetOutlineColor(Lnet/minecraft/world/entity/Entity;Lnet/minecraft/client/renderer/entity/state/EntityRenderState;FLorg/spongepowered/asm/mixin/injection/callback/CallbackInfo;)V has 0 override(s) in child classes
[19:37:37] [Render thread/DEBUG] (FabricLoader/Mixin) meteor-client.mixins.json:EntityRendererMixin from mod meteor-client->@Inject::onGetOutlineColor(Lnet/minecraft/world/entity/Entity;Lnet/minecraft/client/renderer/entity/state/EntityRenderState;FLorg/spongepowered/asm/mixin/injection/callback/CallbackInfo;)V won't be passed a CallbackInfo as a result
[19:37:37] [Render thread/DEBUG] (FabricLoader/Mixin) meteor-client.mixins.json:EntityRendererMixin from mod meteor-client->@Inject::updateShadow(Lnet/minecraft/world/entity/Entity;Lnet/minecraft/client/renderer/entity/state/EntityRenderState;Lorg/spongepowered/asm/mixin/injection/callback/CallbackInfo;)V does use it's CallbackInfo
[19:37:37] [Render thread/DEBUG] (FabricLoader/Mixin) Mixing PlayerEntityRendererMixin from meteor-client.mixins.json into net.minecraft.client.renderer.entity.player.AvatarRenderer
[19:37:37] [Render thread/DEBUG] (FabricLoader/Mixin) Renaming synthetic method getShadowRadius(Lnet/minecraft/client/renderer/entity/state/EntityRenderState;)F to mdf8f435$meteor-client$getShadowRadius$0 in meteor-client.mixins.json:PlayerEntityRendererMixin from mod meteor-client
[19:37:37] [Render thread/DEBUG] (FabricLoader/Mixin) meteor-client.mixins.json:PlayerEntityRendererMixin from mod meteor-client->@Inject::init$chams(Lorg/spongepowered/asm/mixin/injection/callback/CallbackInfo;)V doesn't use it's CallbackInfo
[19:37:37] [Render thread/DEBUG] (FabricLoader/Mixin) meteor-client.mixins.json:PlayerEntityRendererMixin from mod meteor-client->@Inject::init$chams(Lorg/spongepowered/asm/mixin/injection/callback/CallbackInfo;)V has 0 override(s) in child classes
[19:37:37] [Render thread/DEBUG] (FabricLoader/Mixin) meteor-client.mixins.json:PlayerEntityRendererMixin from mod meteor-client->@Inject::init$chams(Lorg/spongepowered/asm/mixin/injection/callback/CallbackInfo;)V won't be passed a CallbackInfo as a result
[19:37:37] [Render thread/DEBUG] (FabricLoader/Mixin) meteor-client.mixins.json:PlayerEntityRendererMixin from mod meteor-client->@Inject::updateRenderState$scale(Lnet/minecraft/world/entity/Avatar;Lnet/minecraft/client/renderer/entity/state/AvatarRenderState;FLorg/spongepowered/asm/mixin/injection/callback/CallbackInfo;)V doesn't use it's CallbackInfo
[19:37:37] [Render thread/DEBUG] (FabricLoader/Mixin) meteor-client.mixins.json:PlayerEntityRendererMixin from mod meteor-client->@Inject::updateRenderState$scale(Lnet/minecraft/world/entity/Avatar;Lnet/minecraft/client/renderer/entity/state/AvatarRenderState;FLorg/spongepowered/asm/mixin/injection/callback/CallbackInfo;)V has 0 override(s) in child classes
[19:37:37] [Render thread/DEBUG] (FabricLoader/Mixin) meteor-client.mixins.json:PlayerEntityRendererMixin from mod meteor-client->@Inject::updateRenderState$scale(Lnet/minecraft/world/entity/Avatar;Lnet/minecraft/client/renderer/entity/state/AvatarRenderState;FLorg/spongepowered/asm/mixin/injection/callback/CallbackInfo;)V won't be passed a CallbackInfo as a result
[19:37:37] [Render thread/DEBUG] (FabricLoader/Mixin) meteor-client.mixins.json:PlayerEntityRendererMixin from mod meteor-client->@Inject::updateRenderState$rotations(Lnet/minecraft/world/entity/Avatar;Lnet/minecraft/client/renderer/entity/state/AvatarRenderState;FLorg/spongepowered/asm/mixin/injection/callback/CallbackInfo;)V doesn't use it's CallbackInfo
[19:37:37] [Render thread/DEBUG] (FabricLoader/Mixin) meteor-client.mixins.json:PlayerEntityRendererMixin from mod meteor-client->@Inject::updateRenderState$rotations(Lnet/minecraft/world/entity/Avatar;Lnet/minecraft/client/renderer/entity/state/AvatarRenderState;FLorg/spongepowered/asm/mixin/injection/callback/CallbackInfo;)V has 0 override(s) in child classes
[19:37:37] [Render thread/DEBUG] (FabricLoader/Mixin) meteor-client.mixins.json:PlayerEntityRendererMixin from mod meteor-client->@Inject::updateRenderState$rotations(Lnet/minecraft/world/entity/Avatar;Lnet/minecraft/client/renderer/entity/state/AvatarRenderState;FLorg/spongepowered/asm/mixin/injection/callback/CallbackInfo;)V won't be passed a CallbackInfo as a result
[19:37:37] [Render thread/DEBUG] (FabricLoader/Mixin) Mixing LivingEntityRendererMixin from meteor-client.mixins.json into net.minecraft.client.renderer.entity.LivingEntityRenderer
[19:37:37] [Render thread/DEBUG] (FabricLoader/Mixin) meteor-client.mixins.json:LivingEntityRendererMixin from mod meteor-client->@Inject::init$chams(Lorg/spongepowered/asm/mixin/injection/callback/CallbackInfo;)V doesn't use it's CallbackInfo
[19:37:37] [Render thread/DEBUG] (FabricLoader/Mixin) meteor-client.mixins.json:LivingEntityRendererMixin from mod meteor-client->@Inject::init$chams(Lorg/spongepowered/asm/mixin/injection/callback/CallbackInfo;)V has 0 override(s) in child classes
[19:37:37] [Render thread/DEBUG] (FabricLoader/Mixin) meteor-client.mixins.json:LivingEntityRendererMixin from mod meteor-client->@Inject::init$chams(Lorg/spongepowered/asm/mixin/injection/callback/CallbackInfo;)V won't be passed a CallbackInfo as a result
[19:37:37] [Render thread/DEBUG] (FabricLoader/Mixin) meteor-client.mixins.json:LivingEntityRendererMixin from mod meteor-client->@Inject::render$Head(Lnet/minecraft/client/renderer/entity/state/LivingEntityRenderState;Lcom/mojang/blaze3d/vertex/PoseStack;Lnet/minecraft/client/renderer/SubmitNodeCollector;Lnet/minecraft/client/renderer/state/CameraRenderState;Lorg/spongepowered/asm/mixin/injection/callback/CallbackInfo;)V does use it's CallbackInfo
[19:37:37] [Render thread/DEBUG] (FabricLoader/Mixin) meteor-client.mixins.json:LivingEntityRendererMixin from mod meteor-client->@Inject::render$Tail(Lnet/minecraft/client/renderer/entity/state/LivingEntityRenderState;Lcom/mojang/blaze3d/vertex/PoseStack;Lnet/minecraft/client/renderer/SubmitNodeCollector;Lnet/minecraft/client/renderer/state/CameraRenderState;Lorg/spongepowered/asm/mixin/injection/callback/CallbackInfo;)V doesn't use it's CallbackInfo
[19:37:37] [Render thread/DEBUG] (FabricLoader/Mixin) meteor-client.mixins.json:LivingEntityRendererMixin from mod meteor-client->@Inject::render$Tail(Lnet/minecraft/client/renderer/entity/state/LivingEntityRenderState;Lcom/mojang/blaze3d/vertex/PoseStack;Lnet/minecraft/client/renderer/SubmitNodeCollector;Lnet/minecraft/client/renderer/state/CameraRenderState;Lorg/spongepowered/asm/mixin/injection/callback/CallbackInfo;)V has 0 override(s) in child classes
[19:37:37] [Render thread/DEBUG] (FabricLoader/Mixin) meteor-client.mixins.json:LivingEntityRendererMixin from mod meteor-client->@Inject::render$Tail(Lnet/minecraft/client/renderer/entity/state/LivingEntityRenderState;Lcom/mojang/blaze3d/vertex/PoseStack;Lnet/minecraft/client/renderer/SubmitNodeCollector;Lnet/minecraft/client/renderer/state/CameraRenderState;Lorg/spongepowered/asm/mixin/injection/callback/CallbackInfo;)V won't be passed a CallbackInfo as a result
[19:37:37] [Render thread/DEBUG] (FabricLoader/Mixin) Mixing HeldItemRendererMixin from meteor-client.mixins.json into net.minecraft.client.renderer.ItemInHandRenderer
[19:37:37] [Render thread/DEBUG] (FabricLoader/Mixin) meteor-client.mixins.json:HeldItemRendererMixin from mod meteor-client->@Inject::onRenderItem(Lnet/minecraft/client/player/AbstractClientPlayer;FFLnet/minecraft/world/InteractionHand;FLnet/minecraft/world/item/ItemStack;FLcom/mojang/blaze3d/vertex/PoseStack;Lnet/minecraft/client/renderer/SubmitNodeCollector;ILorg/spongepowered/asm/mixin/injection/callback/CallbackInfo;)V doesn't use it's CallbackInfo
[19:37:37] [Render thread/DEBUG] (FabricLoader/Mixin) meteor-client.mixins.json:HeldItemRendererMixin from mod meteor-client->@Inject::onRenderItem(Lnet/minecraft/client/player/AbstractClientPlayer;FFLnet/minecraft/world/InteractionHand;FLnet/minecraft/world/item/ItemStack;FLcom/mojang/blaze3d/vertex/PoseStack;Lnet/minecraft/client/renderer/SubmitNodeCollector;ILorg/spongepowered/asm/mixin/injection/callback/CallbackInfo;)V has 0 override(s) in child classes
[19:37:37] [Render thread/DEBUG] (FabricLoader/Mixin) meteor-client.mixins.json:HeldItemRendererMixin from mod meteor-client->@Inject::onRenderItem(Lnet/minecraft/client/player/AbstractClientPlayer;FFLnet/minecraft/world/InteractionHand;FLnet/minecraft/world/item/ItemStack;FLcom/mojang/blaze3d/vertex/PoseStack;Lnet/minecraft/client/renderer/SubmitNodeCollector;ILorg/spongepowered/asm/mixin/injection/callback/CallbackInfo;)V won't be passed a CallbackInfo as a result
[19:37:37] [Render thread/DEBUG] (FabricLoader/Mixin) meteor-client.mixins.json:HeldItemRendererMixin from mod meteor-client->@Inject::onRenderItem(Lnet/minecraft/client/player/AbstractClientPlayer;FFLnet/minecraft/world/InteractionHand;FLnet/minecraft/world/item/ItemStack;FLcom/mojang/blaze3d/vertex/PoseStack;Lnet/minecraft/client/renderer/SubmitNodeCollector;ILorg/spongepowered/asm/mixin/injection/callback/CallbackInfo;)V doesn't use it's CallbackInfo
[19:37:37] [Render thread/DEBUG] (FabricLoader/Mixin) meteor-client.mixins.json:HeldItemRendererMixin from mod meteor-client->@Inject::onRenderItem(Lnet/minecraft/client/player/AbstractClientPlayer;FFLnet/minecraft/world/InteractionHand;FLnet/minecraft/world/item/ItemStack;FLcom/mojang/blaze3d/vertex/PoseStack;Lnet/minecraft/client/renderer/SubmitNodeCollector;ILorg/spongepowered/asm/mixin/injection/callback/CallbackInfo;)V has 0 override(s) in child classes
[19:37:37] [Render thread/DEBUG] (FabricLoader/Mixin) meteor-client.mixins.json:HeldItemRendererMixin from mod meteor-client->@Inject::onRenderItem(Lnet/minecraft/client/player/AbstractClientPlayer;FFLnet/minecraft/world/InteractionHand;FLnet/minecraft/world/item/ItemStack;FLcom/mojang/blaze3d/vertex/PoseStack;Lnet/minecraft/client/renderer/SubmitNodeCollector;ILorg/spongepowered/asm/mixin/injection/callback/CallbackInfo;)V won't be passed a CallbackInfo as a result
[19:37:37] [Render thread/DEBUG] (FabricLoader/Mixin) meteor-client.mixins.json:HeldItemRendererMixin from mod meteor-client->@Inject::onRenderArm(Lnet/minecraft/client/player/AbstractClientPlayer;FFLnet/minecraft/world/InteractionHand;FLnet/minecraft/world/item/ItemStack;FLcom/mojang/blaze3d/vertex/PoseStack;Lnet/minecraft/client/renderer/SubmitNodeCollector;ILorg/spongepowered/asm/mixin/injection/callback/CallbackInfo;)V doesn't use it's CallbackInfo
[19:37:37] [Render thread/DEBUG] (FabricLoader/Mixin) meteor-client.mixins.json:HeldItemRendererMixin from mod meteor-client->@Inject::onRenderArm(Lnet/minecraft/client/player/AbstractClientPlayer;FFLnet/minecraft/world/InteractionHand;FLnet/minecraft/world/item/ItemStack;FLcom/mojang/blaze3d/vertex/PoseStack;Lnet/minecraft/client/renderer/SubmitNodeCollector;ILorg/spongepowered/asm/mixin/injection/callback/CallbackInfo;)V has 0 override(s) in child classes
[19:37:37] [Render thread/DEBUG] (FabricLoader/Mixin) meteor-client.mixins.json:HeldItemRendererMixin from mod meteor-client->@Inject::onRenderArm(Lnet/minecraft/client/player/AbstractClientPlayer;FFLnet/minecraft/world/InteractionHand;FLnet/minecraft/world/item/ItemStack;FLcom/mojang/blaze3d/vertex/PoseStack;Lnet/minecraft/client/renderer/SubmitNodeCollector;ILorg/spongepowered/asm/mixin/injection/callback/CallbackInfo;)V won't be passed a CallbackInfo as a result
[19:37:37] [Render thread/DEBUG] (FabricLoader/Mixin) meteor-client.mixins.json:HeldItemRendererMixin from mod meteor-client->@Inject::cancelTransformations(Lcom/mojang/blaze3d/vertex/PoseStack;FLnet/minecraft/world/entity/HumanoidArm;Lnet/minecraft/world/item/ItemStack;Lnet/minecraft/world/entity/player/Player;Lorg/spongepowered/asm/mixin/injection/callback/CallbackInfo;)V does use it's CallbackInfo
[19:37:37] [Render thread/DEBUG] (FabricLoader/Mixin) Mixing BlockEntityRenderManagerAccessor from meteor-client.mixins.json into net.minecraft.client.renderer.blockentity.BlockEntityRenderDispatcher
[19:37:37] [Render thread/DEBUG] (FabricLoader/Mixin) Mixing BlockEntityRenderManagerMixin from meteor-client.mixins.json into net.minecraft.client.renderer.blockentity.BlockEntityRenderDispatcher
[19:37:37] [Render thread/DEBUG] (FabricLoader/Mixin) Mixing KeyedClientResourceReloadListenerMixin from fabric-resource-loader-v1.client.mixins.json into net.minecraft.client.renderer.blockentity.BlockEntityRenderDispatcher
[19:37:37] [Render thread/DEBUG] (FabricLoader/Mixin) meteor-client.mixins.json:BlockEntityRenderManagerMixin from mod meteor-client->@Inject::onRenderEntity(Lnet/minecraft/client/renderer/blockentity/state/BlockEntityRenderState;Lcom/mojang/blaze3d/vertex/PoseStack;Lnet/minecraft/client/renderer/SubmitNodeCollector;Lnet/minecraft/client/renderer/state/CameraRenderState;Lorg/spongepowered/asm/mixin/injection/callback/CallbackInfo;)V does use it's CallbackInfo
[19:37:37] [Render thread/DEBUG] (FabricLoader/Mixin) Mixing KeyedClientResourceReloadListenerMixin from fabric-resource-loader-v1.client.mixins.json into net.minecraft.client.particle.ParticleResources
[19:37:37] [Render thread/DEBUG] (FabricLoader/Mixin) Mixing FireworksSparkParticleSubMixin from meteor-client.mixins.json into net.minecraft.client.particle.FireworkParticles$SparkParticle
[19:37:37] [Render thread/DEBUG] (FabricLoader/Mixin) meteor-client.mixins.json:FireworksSparkParticleSubMixin from mod meteor-client->@Inject::buildExplosionGeometry(Lnet/minecraft/client/renderer/state/QuadParticleRenderState;Lnet/minecraft/client/Camera;FLorg/spongepowered/asm/mixin/injection/callback/CallbackInfo;)V does use it's CallbackInfo
[19:37:37] [Render thread/DEBUG] (FabricLoader/Mixin) Mixing FireworksSparkParticleSubMixin from meteor-client.mixins.json into net.minecraft.client.particle.FireworkParticles$OverlayParticle
[19:37:37] [Render thread/DEBUG] (FabricLoader/Mixin) meteor-client.mixins.json:FireworksSparkParticleSubMixin from mod meteor-client->@Inject::buildExplosionGeometry(Lnet/minecraft/client/renderer/state/QuadParticleRenderState;Lnet/minecraft/client/Camera;FLorg/spongepowered/asm/mixin/injection/callback/CallbackInfo;)V does use it's CallbackInfo
[19:37:37] [Render thread/DEBUG] (FabricLoader/Mixin) Mixing ItemRenderStateAccessor from meteor-client.mixins.json into net.minecraft.client.renderer.item.ItemStackRenderState
[19:37:37] [Render thread/DEBUG] (FabricLoader/Mixin) Mixing LayerRenderStateAccessor from meteor-client.mixins.json into net.minecraft.client.renderer.item.ItemStackRenderState$LayerRenderState
[19:37:37] [Render thread/DEBUG] (FabricLoader/Mixin) Mixing TransformationMixin from meteor-client.mixins.json into net.minecraft.client.renderer.block.model.ItemTransform
[19:37:37] [Render thread/DEBUG] (FabricLoader/Mixin) meteor-client.mixins.json:TransformationMixin from mod meteor-client->@Inject::onApply(ZLcom/mojang/blaze3d/vertex/PoseStack$Pose;Lorg/spongepowered/asm/mixin/injection/callback/CallbackInfo;)V does use it's CallbackInfo
[19:37:37] [Render thread/DEBUG] (FabricLoader/Mixin) Mixing ParticleManagerMixin from meteor-client.mixins.json into net.minecraft.client.particle.ParticleEngine
[19:37:37] [Render thread/DEBUG] (FabricLoader/Mixin) meteor-client.mixins.json:ParticleManagerMixin from mod meteor-client->@Inject::onAddParticle(Lnet/minecraft/core/particles/ParticleOptions;DDDDDDLorg/spongepowered/asm/mixin/injection/callback/CallbackInfoReturnable;)V does use it's CallbackInfoReturnable
[19:37:37] [Render thread/DEBUG] (FabricLoader/Mixin) Mixing KeyedClientResourceReloadListenerMixin from fabric-resource-loader-v1.client.mixins.json into net.minecraft.client.resources.WaypointStyleManager
[19:37:37] [Render thread/DEBUG] (FabricLoader/Mixin) Mixing GameRendererMixin from meteor-client.mixins.json into net.minecraft.client.renderer.GameRenderer
[19:37:37] [Render thread/DEBUG] (FabricLoader/Mixin) meteor-client.mixins.json:GameRendererMixin from mod meteor-client->@Inject::onRenderWorld(Lnet/minecraft/client/DeltaTracker;Lorg/spongepowered/asm/mixin/injection/callback/CallbackInfo;)V doesn't use it's CallbackInfo
[19:37:37] [Render thread/DEBUG] (FabricLoader/Mixin) meteor-client.mixins.json:GameRendererMixin from mod meteor-client->@Inject::onRenderWorld(Lnet/minecraft/client/DeltaTracker;Lorg/spongepowered/asm/mixin/injection/callback/CallbackInfo;)V has 0 override(s) in child classes
[19:37:37] [Render thread/DEBUG] (FabricLoader/Mixin) meteor-client.mixins.json:GameRendererMixin from mod meteor-client->@Inject::onRenderWorld(Lnet/minecraft/client/DeltaTracker;Lorg/spongepowered/asm/mixin/injection/callback/CallbackInfo;)V won't be passed a CallbackInfo as a result
[19:37:37] [Render thread/DEBUG] (FabricLoader/Mixin) meteor-client.mixins.json:GameRendererMixin from mod meteor-client->@Inject::onRenderWorldTail(Lorg/spongepowered/asm/mixin/injection/callback/CallbackInfo;)V doesn't use it's CallbackInfo
[19:37:37] [Render thread/DEBUG] (FabricLoader/Mixin) meteor-client.mixins.json:GameRendererMixin from mod meteor-client->@Inject::onRenderWorldTail(Lorg/spongepowered/asm/mixin/injection/callback/CallbackInfo;)V has 0 override(s) in child classes
[19:37:37] [Render thread/DEBUG] (FabricLoader/Mixin) meteor-client.mixins.json:GameRendererMixin from mod meteor-client->@Inject::onRenderWorldTail(Lorg/spongepowered/asm/mixin/injection/callback/CallbackInfo;)V won't be passed a CallbackInfo as a result
[19:37:37] [Render thread/DEBUG] (FabricLoader/Mixin) meteor-client.mixins.json:GameRendererMixin from mod meteor-client->@Inject::onRenderGui(Lnet/minecraft/client/DeltaTracker;ZLorg/spongepowered/asm/mixin/injection/callback/CallbackInfo;)V doesn't use it's CallbackInfo
[19:37:37] [Render thread/DEBUG] (FabricLoader/Mixin) meteor-client.mixins.json:GameRendererMixin from mod meteor-client->@Inject::onRenderGui(Lnet/minecraft/client/DeltaTracker;ZLorg/spongepowered/asm/mixin/injection/callback/CallbackInfo;)V has 0 override(s) in child classes
[19:37:37] [Render thread/DEBUG] (FabricLoader/Mixin) meteor-client.mixins.json:GameRendererMixin from mod meteor-client->@Inject::onRenderGui(Lnet/minecraft/client/DeltaTracker;ZLorg/spongepowered/asm/mixin/injection/callback/CallbackInfo;)V won't be passed a CallbackInfo as a result
[19:37:37] [Render thread/DEBUG] (FabricLoader/Mixin) meteor-client.mixins.json:GameRendererMixin from mod meteor-client->@Inject::onShowFloatingItem(Lnet/minecraft/world/item/ItemStack;Lorg/spongepowered/asm/mixin/injection/callback/CallbackInfo;)V does use it's CallbackInfo
[19:37:37] [Render thread/DEBUG] (FabricLoader/Mixin) meteor-client.mixins.json:GameRendererMixin from mod meteor-client->@Inject::updateTargetedEntityInvoke(FLorg/spongepowered/asm/mixin/injection/callback/CallbackInfo;)V does use it's CallbackInfo
[19:37:37] [Render thread/DEBUG] (FabricLoader/Mixin) meteor-client.mixins.json:GameRendererMixin from mod meteor-client->@Inject::renderHand(FZLorg/joml/Matrix4f;Lorg/spongepowered/asm/mixin/injection/callback/CallbackInfo;)V does use it's CallbackInfo
[19:37:37] [Render thread/DEBUG] (FabricLoader/Mixin) Mixing FogRendererMixin from meteor-client.mixins.json into net.minecraft.client.renderer.fog.FogRenderer
[19:37:37] [Render thread/DEBUG] (FabricLoader/Mixin) Mixing StatusEffectFogModifierMixin from meteor-client.mixins.json into net.minecraft.client.renderer.fog.environment.MobEffectFogEnvironment
[19:37:37] [Render thread/DEBUG] (FabricLoader/Mixin) Mixing CameraMixin from meteor-client.mixins.json into net.minecraft.client.Camera
[19:37:37] [Render thread/DEBUG] (FabricLoader/Mixin) meteor-client.mixins.json:CameraMixin from mod meteor-client->@Inject::getSubmergedFluidState(Lorg/spongepowered/asm/mixin/injection/callback/CallbackInfoReturnable;)V does use it's CallbackInfoReturnable
[19:37:37] [Render thread/DEBUG] (FabricLoader/Mixin) meteor-client.mixins.json:CameraMixin from mod meteor-client->@Inject::onClipToSpace(FLorg/spongepowered/asm/mixin/injection/callback/CallbackInfoReturnable;)V does use it's CallbackInfoReturnable
[19:37:37] [Render thread/DEBUG] (FabricLoader/Mixin) meteor-client.mixins.json:CameraMixin from mod meteor-client->@Inject::onUpdateTail(Lnet/minecraft/world/level/Level;Lnet/minecraft/world/entity/Entity;ZZFLorg/spongepowered/asm/mixin/injection/callback/CallbackInfo;)V doesn't use it's CallbackInfo
[19:37:37] [Render thread/DEBUG] (FabricLoader/Mixin) meteor-client.mixins.json:CameraMixin from mod meteor-client->@Inject::onUpdateTail(Lnet/minecraft/world/level/Level;Lnet/minecraft/world/entity/Entity;ZZFLorg/spongepowered/asm/mixin/injection/callback/CallbackInfo;)V has 0 override(s) in child classes
[19:37:37] [Render thread/DEBUG] (FabricLoader/Mixin) meteor-client.mixins.json:CameraMixin from mod meteor-client->@Inject::onUpdateTail(Lnet/minecraft/world/level/Level;Lnet/minecraft/world/entity/Entity;ZZFLorg/spongepowered/asm/mixin/injection/callback/CallbackInfo;)V won't be passed a CallbackInfo as a result
[19:37:37] [Render thread/DEBUG] (FabricLoader/Mixin) ArgsClassGenerator assigning org.spongepowered.asm.synthetic.args.Args$4 for descriptor (FF)V
[19:37:37] [Render thread/DEBUG] (FabricLoader/Mixin) Mixing LightmapTextureManagerMixin from meteor-client.mixins.json into net.minecraft.client.renderer.LightTexture
[19:37:37] [Render thread/DEBUG] (FabricLoader/Mixin) meteor-client.mixins.json:LightmapTextureManagerMixin from mod meteor-client->@Inject::update$skip(FLorg/spongepowered/asm/mixin/injection/callback/CallbackInfo;)V does use it's CallbackInfo
[19:37:37] [Render thread/DEBUG] (FabricLoader/Mixin) meteor-client.mixins.json:LightmapTextureManagerMixin from mod meteor-client->@Inject::getDarknessFactor(Lnet/minecraft/world/entity/LivingEntity;FFLorg/spongepowered/asm/mixin/injection/callback/CallbackInfoReturnable;)V does use it's CallbackInfoReturnable
[19:37:37] [Render thread/DEBUG] (FabricLoader/Mixin) Mixing ShadowPiecesCommandRendererMixin from meteor-client.mixins.json into net.minecraft.client.renderer.feature.ShadowFeatureRenderer
[19:37:37] [Render thread/DEBUG] (FabricLoader/Mixin) meteor-client.mixins.json:ShadowPiecesCommandRendererMixin from mod meteor-client->@Inject::meteor$onRender(Lnet/minecraft/client/renderer/SubmitNodeCollection;Lnet/minecraft/client/renderer/MultiBufferSource$BufferSource;Lorg/spongepowered/asm/mixin/injection/callback/CallbackInfo;)V does use it's CallbackInfo
[19:37:37] [Render thread/DEBUG] (FabricLoader/Mixin) Mixing InGameOverlayRendererMixin from meteor-client.mixins.json into net.minecraft.client.renderer.ScreenEffectRenderer
[19:37:37] [Render thread/DEBUG] (FabricLoader/Mixin) meteor-client.mixins.json:InGameOverlayRendererMixin from mod meteor-client->@Inject::onRenderFireOverlay(Lcom/mojang/blaze3d/vertex/PoseStack;Lnet/minecraft/client/renderer/MultiBufferSource;Lnet/minecraft/client/renderer/texture/TextureAtlasSprite;Lorg/spongepowered/asm/mixin/injection/callback/CallbackInfo;)V does use it's CallbackInfo
[19:37:37] [Render thread/DEBUG] (FabricLoader/Mixin) meteor-client.mixins.json:InGameOverlayRendererMixin from mod meteor-client->@Inject::onRenderUnderwaterOverlay(Lnet/minecraft/client/Minecraft;Lcom/mojang/blaze3d/vertex/PoseStack;Lnet/minecraft/client/renderer/MultiBufferSource;Lorg/spongepowered/asm/mixin/injection/callback/CallbackInfo;)V does use it's CallbackInfo
[19:37:37] [Render thread/DEBUG] (FabricLoader/Mixin) meteor-client.mixins.json:InGameOverlayRendererMixin from mod meteor-client->@Inject::render(Lnet/minecraft/client/renderer/texture/TextureAtlasSprite;Lcom/mojang/blaze3d/vertex/PoseStack;Lnet/minecraft/client/renderer/MultiBufferSource;Lorg/spongepowered/asm/mixin/injection/callback/CallbackInfo;)V does use it's CallbackInfo
[19:37:37] [Render thread/DEBUG] (FabricLoader/Mixin) Mixing KeyedClientResourceReloadListenerMixin from fabric-resource-loader-v1.client.mixins.json into net.minecraft.client.renderer.CloudRenderer
[19:37:37] [Render thread/DEBUG] (FabricLoader/Mixin) Mixing KeyedClientResourceReloadListenerMixin from fabric-resource-loader-v1.client.mixins.json into net.minecraft.client.renderer.GpuWarnlistManager
[19:37:37] [Render thread/DEBUG] (FabricLoader/Mixin) Mixing InGameHudMixin from meteor-client.mixins.json into net.minecraft.client.gui.Gui
[19:37:37] [Render thread/DEBUG] (FabricLoader/Mixin) meteor-client.mixins.json:InGameHudMixin from mod meteor-client->@Inject::onRender(Lnet/minecraft/client/gui/GuiGraphics;Lnet/minecraft/client/DeltaTracker;Lorg/spongepowered/asm/mixin/injection/callback/CallbackInfo;)V doesn't use it's CallbackInfo
[19:37:37] [Render thread/DEBUG] (FabricLoader/Mixin) meteor-client.mixins.json:InGameHudMixin from mod meteor-client->@Inject::onRender(Lnet/minecraft/client/gui/GuiGraphics;Lnet/minecraft/client/DeltaTracker;Lorg/spongepowered/asm/mixin/injection/callback/CallbackInfo;)V has 0 override(s) in child classes
[19:37:37] [Render thread/DEBUG] (FabricLoader/Mixin) meteor-client.mixins.json:InGameHudMixin from mod meteor-client->@Inject::onRender(Lnet/minecraft/client/gui/GuiGraphics;Lnet/minecraft/client/DeltaTracker;Lorg/spongepowered/asm/mixin/injection/callback/CallbackInfo;)V won't be passed a CallbackInfo as a result
[19:37:37] [Render thread/DEBUG] (FabricLoader/Mixin) meteor-client.mixins.json:InGameHudMixin from mod meteor-client->@Inject::onRenderStatusEffectOverlay(Lorg/spongepowered/asm/mixin/injection/callback/CallbackInfo;)V does use it's CallbackInfo
[19:37:37] [Render thread/DEBUG] (FabricLoader/Mixin) meteor-client.mixins.json:InGameHudMixin from mod meteor-client->@Inject::onRenderPortalOverlay(Lnet/minecraft/client/gui/GuiGraphics;FLorg/spongepowered/asm/mixin/injection/callback/CallbackInfo;)V does use it's CallbackInfo
[19:37:37] [Render thread/DEBUG] (FabricLoader/Mixin) ArgsClassGenerator assigning org.spongepowered.asm.synthetic.args.Args$5 for descriptor (Lnet/minecraft/client/gui/GuiGraphics;Lnet/minecraft/resources/Identifier;F)V
[19:37:37] [Render thread/DEBUG] (FabricLoader/Mixin) meteor-client.mixins.json:InGameHudMixin from mod meteor-client->@Inject::onRenderVignetteOverlay(Lnet/minecraft/client/gui/GuiGraphics;Lnet/minecraft/world/entity/Entity;Lorg/spongepowered/asm/mixin/injection/callback/CallbackInfo;)V does use it's CallbackInfo
[19:37:37] [Render thread/DEBUG] (FabricLoader/Mixin) meteor-client.mixins.json:InGameHudMixin from mod meteor-client->@Inject::onRenderScoreboardSidebar(Lnet/minecraft/client/gui/GuiGraphics;Lnet/minecraft/world/scores/Objective;Lorg/spongepowered/asm/mixin/injection/callback/CallbackInfo;)V does use it's CallbackInfo
[19:37:37] [Render thread/DEBUG] (FabricLoader/Mixin) meteor-client.mixins.json:InGameHudMixin from mod meteor-client->@Inject::onRenderScoreboardSidebar(Lnet/minecraft/client/gui/GuiGraphics;Lnet/minecraft/client/DeltaTracker;Lorg/spongepowered/asm/mixin/injection/callback/CallbackInfo;)V does use it's CallbackInfo
[19:37:37] [Render thread/DEBUG] (FabricLoader/Mixin) meteor-client.mixins.json:InGameHudMixin from mod meteor-client->@Inject::onRenderSpyglassOverlay(Lnet/minecraft/client/gui/GuiGraphics;FLorg/spongepowered/asm/mixin/injection/callback/CallbackInfo;)V does use it's CallbackInfo
[19:37:37] [Render thread/DEBUG] (FabricLoader/Mixin) meteor-client.mixins.json:InGameHudMixin from mod meteor-client->@Inject::onRenderCrosshair(Lnet/minecraft/client/gui/GuiGraphics;Lnet/minecraft/client/DeltaTracker;Lorg/spongepowered/asm/mixin/injection/callback/CallbackInfo;)V does use it's CallbackInfo
[19:37:37] [Render thread/DEBUG] (FabricLoader/Mixin) meteor-client.mixins.json:InGameHudMixin from mod meteor-client->@Inject::onRenderTitle(Lnet/minecraft/client/gui/GuiGraphics;Lnet/minecraft/client/DeltaTracker;Lorg/spongepowered/asm/mixin/injection/callback/CallbackInfo;)V does use it's CallbackInfo
[19:37:37] [Render thread/DEBUG] (FabricLoader/Mixin) meteor-client.mixins.json:InGameHudMixin from mod meteor-client->@Inject::onRenderHeldItemTooltip(Lnet/minecraft/client/gui/GuiGraphics;Lorg/spongepowered/asm/mixin/injection/callback/CallbackInfo;)V does use it's CallbackInfo
[19:37:37] [Render thread/DEBUG] (FabricLoader/Mixin) meteor-client.mixins.json:InGameHudMixin from mod meteor-client->@Inject::onClear(Lorg/spongepowered/asm/mixin/injection/callback/CallbackInfo;)V does use it's CallbackInfo
[19:37:37] [Render thread/DEBUG] (FabricLoader/Mixin) meteor-client.mixins.json:InGameHudMixin from mod meteor-client->@Inject::onRenderNausea(Lnet/minecraft/client/gui/GuiGraphics;FLorg/spongepowered/asm/mixin/injection/callback/CallbackInfo;)V does use it's CallbackInfo
[19:37:37] [Render thread/DEBUG] (FabricLoader/Mixin) Mixing MinecraftServerAccessor from meteor-client.mixins.json into net.minecraft.server.MinecraftServer
[19:37:37] [Render thread/DEBUG] (FabricLoader/Mixin) Mixing MinecraftServerMixin from fabric-resource-loader-v1.mixins.json into net.minecraft.server.MinecraftServer
[19:37:37] [Render thread/DEBUG] (FabricLoader/Mixin) Renaming synthetic method lambda$init$0(Lnet/minecraft/server/packs/PackResources;)Ljava/util/stream/Stream; to mdf8f435$fabric-resource-loader-v1$lambda$init$0$0 in fabric-resource-loader-v1.mixins.json:MinecraftServerMixin from mod fabric-resource-loader-v1
[19:37:37] [Render thread/DEBUG] (FabricLoader/Mixin) fabric-resource-loader-v1.mixins.json:MinecraftServerMixin from mod fabric-resource-loader-v1->@Inject::init(Ljava/lang/Thread;Lnet/minecraft/world/level/storage/LevelStorageSource$LevelStorageAccess;Lnet/minecraft/server/packs/repository/PackRepository;Lnet/minecraft/server/WorldStem;Ljava/net/Proxy;Lcom/mojang/datafixers/DataFixer;Lnet/minecraft/server/Services;Lnet/minecraft/server/level/progress/LevelLoadListener;Lorg/spongepowered/asm/mixin/injection/callback/CallbackInfo;)V doesn't use it's CallbackInfo
[19:37:37] [Render thread/DEBUG] (FabricLoader/Mixin) fabric-resource-loader-v1.mixins.json:MinecraftServerMixin from mod fabric-resource-loader-v1->@Inject::init(Ljava/lang/Thread;Lnet/minecraft/world/level/storage/LevelStorageSource$LevelStorageAccess;Lnet/minecraft/server/packs/repository/PackRepository;Lnet/minecraft/server/WorldStem;Ljava/net/Proxy;Lcom/mojang/datafixers/DataFixer;Lnet/minecraft/server/Services;Lnet/minecraft/server/level/progress/LevelLoadListener;Lorg/spongepowered/asm/mixin/injection/callback/CallbackInfo;)V has 0 override(s) in child classes
[19:37:37] [Render thread/DEBUG] (FabricLoader/Mixin) fabric-resource-loader-v1.mixins.json:MinecraftServerMixin from mod fabric-resource-loader-v1->@Inject::init(Ljava/lang/Thread;Lnet/minecraft/world/level/storage/LevelStorageSource$LevelStorageAccess;Lnet/minecraft/server/packs/repository/PackRepository;Lnet/minecraft/server/WorldStem;Ljava/net/Proxy;Lcom/mojang/datafixers/DataFixer;Lnet/minecraft/server/Services;Lnet/minecraft/server/level/progress/LevelLoadListener;Lorg/spongepowered/asm/mixin/injection/callback/CallbackInfo;)V won't be passed a CallbackInfo as a result
[19:37:37] [Render thread/DEBUG] (FabricLoader/Mixin) Mixing PlayerListHudMixin from meteor-client.mixins.json into net.minecraft.client.gui.components.PlayerTabOverlay
[19:37:37] [Render thread/DEBUG] (FabricLoader/Mixin) meteor-client.mixins.json:PlayerListHudMixin from mod meteor-client->@Inject::getPlayerName(Lnet/minecraft/client/multiplayer/PlayerInfo;Lorg/spongepowered/asm/mixin/injection/callback/CallbackInfoReturnable;)V does use it's CallbackInfoReturnable
[19:37:37] [Render thread/DEBUG] (FabricLoader/Mixin) meteor-client.mixins.json:PlayerListHudMixin from mod meteor-client->@Inject::modifyHeight(Lorg/spongepowered/asm/mixin/injection/callback/CallbackInfo;)V doesn't use it's CallbackInfo
[19:37:37] [Render thread/DEBUG] (FabricLoader/Mixin) meteor-client.mixins.json:PlayerListHudMixin from mod meteor-client->@Inject::modifyHeight(Lorg/spongepowered/asm/mixin/injection/callback/CallbackInfo;)V has 0 override(s) in child classes
[19:37:37] [Render thread/DEBUG] (FabricLoader/Mixin) meteor-client.mixins.json:PlayerListHudMixin from mod meteor-client->@Inject::modifyHeight(Lorg/spongepowered/asm/mixin/injection/callback/CallbackInfo;)V won't be passed a CallbackInfo as a result
[19:37:37] [Render thread/DEBUG] (FabricLoader/Mixin) meteor-client.mixins.json:PlayerListHudMixin from mod meteor-client->@Inject::onRenderLatencyIcon(Lnet/minecraft/client/gui/GuiGraphics;IIILnet/minecraft/client/multiplayer/PlayerInfo;Lorg/spongepowered/asm/mixin/injection/callback/CallbackInfo;)V does use it's CallbackInfo
[19:37:37] [Render thread/DEBUG] (FabricLoader/Mixin) Mixing PlayerListEntryMixin from meteor-client.mixins.json into net.minecraft.client.multiplayer.PlayerInfo
[19:37:37] [Render thread/DEBUG] (FabricLoader/Mixin) meteor-client.mixins.json:PlayerListEntryMixin from mod meteor-client->@Inject::onGetTexture(Lorg/spongepowered/asm/mixin/injection/callback/CallbackInfoReturnable;)V does use it's CallbackInfoReturnable
[19:37:37] [Render thread/DEBUG] (FabricLoader/Mixin) Mixing BossBarHudMixin from meteor-client.mixins.json into net.minecraft.client.gui.components.BossHealthOverlay
[19:37:37] [Render thread/DEBUG] (FabricLoader/Mixin) meteor-client.mixins.json:BossBarHudMixin from mod meteor-client->@Inject::onRender(Lorg/spongepowered/asm/mixin/injection/callback/CallbackInfo;)V does use it's CallbackInfo
[19:37:37] [Render thread/DEBUG] (FabricLoader/Mixin) Mixing ResourceMixin from fabric-resource-loader-v1.mixins.json into net.minecraft.server.packs.resources.Resource
[19:37:37] [Render thread/DEBUG] (FabricLoader/Mixin) Mixing MessageHandlerMixin from meteor-client.mixins.json into net.minecraft.client.multiplayer.chat.ChatListener
[19:37:37] [Render thread/DEBUG] (FabricLoader/Mixin) meteor-client.mixins.json:MessageHandlerMixin from mod meteor-client->@Inject::onProcessChatMessageInternal_beforeAddMessage(Lnet/minecraft/network/chat/ChatType$Bound;Lnet/minecraft/network/chat/PlayerChatMessage;Lnet/minecraft/network/chat/Component;Lcom/mojang/authlib/GameProfile;ZLjava/time/Instant;Lorg/spongepowered/asm/mixin/injection/callback/CallbackInfoReturnable;)V doesn't use it's CallbackInfoReturnable
[19:37:37] [Render thread/DEBUG] (FabricLoader/Mixin) meteor-client.mixins.json:MessageHandlerMixin from mod meteor-client->@Inject::onProcessChatMessageInternal_beforeAddMessage(Lnet/minecraft/network/chat/ChatType$Bound;Lnet/minecraft/network/chat/PlayerChatMessage;Lnet/minecraft/network/chat/Component;Lcom/mojang/authlib/GameProfile;ZLjava/time/Instant;Lorg/spongepowered/asm/mixin/injection/callback/CallbackInfoReturnable;)V has 0 override(s) in child classes
[19:37:37] [Render thread/DEBUG] (FabricLoader/Mixin) meteor-client.mixins.json:MessageHandlerMixin from mod meteor-client->@Inject::onProcessChatMessageInternal_beforeAddMessage(Lnet/minecraft/network/chat/ChatType$Bound;Lnet/minecraft/network/chat/PlayerChatMessage;Lnet/minecraft/network/chat/Component;Lcom/mojang/authlib/GameProfile;ZLjava/time/Instant;Lorg/spongepowered/asm/mixin/injection/callback/CallbackInfoReturnable;)V won't be passed a CallbackInfoReturnable as a result
[19:37:37] [Render thread/DEBUG] (FabricLoader/Mixin) meteor-client.mixins.json:MessageHandlerMixin from mod meteor-client->@Inject::onProcessChatMessageInternal_beforeAddMessage(Lnet/minecraft/network/chat/ChatType$Bound;Lnet/minecraft/network/chat/PlayerChatMessage;Lnet/minecraft/network/chat/Component;Lcom/mojang/authlib/GameProfile;ZLjava/time/Instant;Lorg/spongepowered/asm/mixin/injection/callback/CallbackInfoReturnable;)V doesn't use it's CallbackInfoReturnable
[19:37:37] [Render thread/DEBUG] (FabricLoader/Mixin) meteor-client.mixins.json:MessageHandlerMixin from mod meteor-client->@Inject::onProcessChatMessageInternal_beforeAddMessage(Lnet/minecraft/network/chat/ChatType$Bound;Lnet/minecraft/network/chat/PlayerChatMessage;Lnet/minecraft/network/chat/Component;Lcom/mojang/authlib/GameProfile;ZLjava/time/Instant;Lorg/spongepowered/asm/mixin/injection/callback/CallbackInfoReturnable;)V has 0 override(s) in child classes
[19:37:37] [Render thread/DEBUG] (FabricLoader/Mixin) meteor-client.mixins.json:MessageHandlerMixin from mod meteor-client->@Inject::onProcessChatMessageInternal_beforeAddMessage(Lnet/minecraft/network/chat/ChatType$Bound;Lnet/minecraft/network/chat/PlayerChatMessage;Lnet/minecraft/network/chat/Component;Lcom/mojang/authlib/GameProfile;ZLjava/time/Instant;Lorg/spongepowered/asm/mixin/injection/callback/CallbackInfoReturnable;)V won't be passed a CallbackInfoReturnable as a result
[19:37:37] [Render thread/DEBUG] (FabricLoader/Mixin) meteor-client.mixins.json:MessageHandlerMixin from mod meteor-client->@Inject::onProcessChatMessageInternal_afterAddMessage(Lnet/minecraft/network/chat/ChatType$Bound;Lnet/minecraft/network/chat/PlayerChatMessage;Lnet/minecraft/network/chat/Component;Lcom/mojang/authlib/GameProfile;ZLjava/time/Instant;Lorg/spongepowered/asm/mixin/injection/callback/CallbackInfoReturnable;)V doesn't use it's CallbackInfoReturnable
[19:37:37] [Render thread/DEBUG] (FabricLoader/Mixin) meteor-client.mixins.json:MessageHandlerMixin from mod meteor-client->@Inject::onProcessChatMessageInternal_afterAddMessage(Lnet/minecraft/network/chat/ChatType$Bound;Lnet/minecraft/network/chat/PlayerChatMessage;Lnet/minecraft/network/chat/Component;Lcom/mojang/authlib/GameProfile;ZLjava/time/Instant;Lorg/spongepowered/asm/mixin/injection/callback/CallbackInfoReturnable;)V has 0 override(s) in child classes
[19:37:37] [Render thread/DEBUG] (FabricLoader/Mixin) meteor-client.mixins.json:MessageHandlerMixin from mod meteor-client->@Inject::onProcessChatMessageInternal_afterAddMessage(Lnet/minecraft/network/chat/ChatType$Bound;Lnet/minecraft/network/chat/PlayerChatMessage;Lnet/minecraft/network/chat/Component;Lcom/mojang/authlib/GameProfile;ZLjava/time/Instant;Lorg/spongepowered/asm/mixin/injection/callback/CallbackInfoReturnable;)V won't be passed a CallbackInfoReturnable as a result
[19:37:37] [Render thread/DEBUG] (FabricLoader/Mixin) meteor-client.mixins.json:MessageHandlerMixin from mod meteor-client->@Inject::onProcessChatMessageInternal_afterAddMessage(Lnet/minecraft/network/chat/ChatType$Bound;Lnet/minecraft/network/chat/PlayerChatMessage;Lnet/minecraft/network/chat/Component;Lcom/mojang/authlib/GameProfile;ZLjava/time/Instant;Lorg/spongepowered/asm/mixin/injection/callback/CallbackInfoReturnable;)V doesn't use it's CallbackInfoReturnable
[19:37:37] [Render thread/DEBUG] (FabricLoader/Mixin) meteor-client.mixins.json:MessageHandlerMixin from mod meteor-client->@Inject::onProcessChatMessageInternal_afterAddMessage(Lnet/minecraft/network/chat/ChatType$Bound;Lnet/minecraft/network/chat/PlayerChatMessage;Lnet/minecraft/network/chat/Component;Lcom/mojang/authlib/GameProfile;ZLjava/time/Instant;Lorg/spongepowered/asm/mixin/injection/callback/CallbackInfoReturnable;)V has 0 override(s) in child classes
[19:37:37] [Render thread/DEBUG] (FabricLoader/Mixin) meteor-client.mixins.json:MessageHandlerMixin from mod meteor-client->@Inject::onProcessChatMessageInternal_afterAddMessage(Lnet/minecraft/network/chat/ChatType$Bound;Lnet/minecraft/network/chat/PlayerChatMessage;Lnet/minecraft/network/chat/Component;Lcom/mojang/authlib/GameProfile;ZLjava/time/Instant;Lorg/spongepowered/asm/mixin/injection/callback/CallbackInfoReturnable;)V won't be passed a CallbackInfoReturnable as a result
[19:37:37] [Render thread/DEBUG] (FabricLoader/Mixin) Mixing TextVisitFactoryMixin from meteor-client.mixins.json into net.minecraft.util.StringDecomposer
[19:37:37] [Render thread/DEBUG] (FabricLoader/Mixin) Mixing ReloadStateAccessor from meteor-client.mixins.json into net.minecraft.client.ResourceLoadStateTracker$ReloadState
[19:37:37] [Render thread/INFO] (net.minecraft.server.packs.resources.ReloadableResourceManager) Reloading ResourceManager: vanilla, fabric-api-base, fabric-resource-loader-v1, fabricloader, meteor-client
[19:37:37] [Render thread/DEBUG] (FabricLoader/Mixin) Mixing SimpleReloadInstanceMixin from fabric-resource-loader-v1.mixins.json into net.minecraft.server.packs.resources.SimpleReloadInstance
[19:37:37] [Worker-Main-2/DEBUG] (FabricLoader/Mixin) Mixing StringHelperMixin from meteor-client.mixins.json into net.minecraft.util.StringUtil
[19:37:37] [Worker-Main-25/DEBUG] (FabricLoader/Mixin) Mixing EntityRenderStateMixin from meteor-client.mixins.json into net.minecraft.client.renderer.entity.state.EntityRenderState
[19:37:37] [Download-2/INFO] (com.mojang.realmsclient.client.RealmsClient) Could not authorize you against Realms server: java.lang.RuntimeException: Failed to parse into SignedJWT: FabricMC
[19:37:37] [Render thread/INFO] (Meteor Client) Force loading mixins
[19:37:37] [Render thread/INFO] (FabricLoader/Mixin/audit) Force-loading class net.minecraft.client.multiplayer.ClientChunkCache
[19:37:37] [Render thread/DEBUG] (FabricLoader/Mixin) Mixing ClientChunkManagerAccessor from meteor-client.mixins.json into net.minecraft.client.multiplayer.ClientChunkCache
[19:37:37] [Download-2/ERROR] (com.mojang.realmsclient.client.RealmsClient) Failed to fetch Realms feature flags
com.mojang.realmsclient.exception.RealmsServiceException: Realms authentication error with message 'java.lang.RuntimeException: Failed to parse into SignedJWT: FabricMC'
	at knot//com.mojang.realmsclient.client.RealmsClient.execute(RealmsClient.java:526)
	at knot//com.mojang.realmsclient.client.RealmsClient.fetchFeatureFlags(RealmsClient.java:186)
	at java.base/java.util.concurrent.CompletableFuture$AsyncSupply.run(CompletableFuture.java:1768)
	at java.base/java.util.concurrent.ThreadPoolExecutor.runWorker(ThreadPoolExecutor.java:1144)
	at java.base/java.util.concurrent.ThreadPoolExecutor$Worker.run(ThreadPoolExecutor.java:642)
	at java.base/java.lang.Thread.run(Thread.java:1583)
[19:37:37] [Render thread/INFO] (FabricLoader/Mixin/audit) Force-loading class net.minecraft.client.multiplayer.ClientChunkCache$Storage
[19:37:37] [Render thread/DEBUG] (FabricLoader/Mixin) Mixing ClientChunkMapAccessor from meteor-client.mixins.json into net.minecraft.client.multiplayer.ClientChunkCache$Storage
[19:37:37] [Render thread/INFO] (FabricLoader/Mixin/audit) Force-loading class net.minecraft.client.renderer.chunk.VisGraph
[19:37:37] [Worker-Main-28/INFO] (net.minecraft.client.gui.font.providers.UnihexProvider) Found unifont_all_no_pua-17.0.01.hex, loading
[19:37:37] [Worker-Main-31/INFO] (net.minecraft.client.gui.font.providers.UnihexProvider) Found unifont_pua-17.0.01.hex, loading
[19:37:37] [Worker-Main-20/INFO] (net.minecraft.client.gui.font.providers.UnihexProvider) Found unifont_jp_patch-17.0.01.hex, loading
[19:37:37] [Render thread/DEBUG] (FabricLoader/Mixin) Mixing ChunkOcclusionDataBuilderMixin from meteor-client.mixins.json into net.minecraft.client.renderer.chunk.VisGraph
[19:37:37] [Render thread/DEBUG] (FabricLoader/Mixin) meteor-client.mixins.json:ChunkOcclusionDataBuilderMixin from mod meteor-client->@Inject::onMarkClosed(Lnet/minecraft/core/BlockPos;Lorg/spongepowered/asm/mixin/injection/callback/CallbackInfo;)V does use it's CallbackInfo
[19:37:37] [Render thread/INFO] (FabricLoader/Mixin/audit) Force-loading class net.minecraft.world.inventory.AbstractMountInventoryMenu
[19:37:37] [Render thread/DEBUG] (FabricLoader/Mixin) Mixing MountScreenHandlerAccessor from meteor-client.mixins.json into net.minecraft.world.inventory.AbstractMountInventoryMenu
[19:37:37] [Render thread/INFO] (FabricLoader/Mixin/audit) Force-loading class net.minecraft.network.Connection
[19:37:37] [Render thread/DEBUG] (FabricLoader/Mixin) Mixing ClientConnectionAccessor from meteor-client.mixins.json into net.minecraft.network.Connection
[19:37:37] [Render thread/DEBUG] (FabricLoader/Mixin) Mixing ClientConnectionMixin from meteor-client.mixins.json into net.minecraft.network.Connection
[19:37:37] [Render thread/DEBUG] (FabricLoader/Mixin) meteor-client.mixins.json:ClientConnectionMixin from mod meteor-client->@Inject::onHandlePacket(Lio/netty/channel/ChannelHandlerContext;Lnet/minecraft/network/protocol/Packet;Lorg/spongepowered/asm/mixin/injection/callback/CallbackInfo;)V does use it's CallbackInfo
[19:37:37] [Render thread/DEBUG] (FabricLoader/Mixin) meteor-client.mixins.json:ClientConnectionMixin from mod meteor-client->@Inject::disconnect(Lnet/minecraft/network/chat/Component;Lorg/spongepowered/asm/mixin/injection/callback/CallbackInfo;)V doesn't use it's CallbackInfo
[19:37:37] [Render thread/DEBUG] (FabricLoader/Mixin) meteor-client.mixins.json:ClientConnectionMixin from mod meteor-client->@Inject::disconnect(Lnet/minecraft/network/chat/Component;Lorg/spongepowered/asm/mixin/injection/callback/CallbackInfo;)V has 0 override(s) in child classes
[19:37:37] [Render thread/DEBUG] (FabricLoader/Mixin) meteor-client.mixins.json:ClientConnectionMixin from mod meteor-client->@Inject::disconnect(Lnet/minecraft/network/chat/Component;Lorg/spongepowered/asm/mixin/injection/callback/CallbackInfo;)V won't be passed a CallbackInfo as a result
[19:37:37] [Render thread/DEBUG] (FabricLoader/Mixin) meteor-client.mixins.json:ClientConnectionMixin from mod meteor-client->@Inject::onConnect(Ljava/net/InetSocketAddress;Lnet/minecraft/server/network/EventLoopGroupHolder;Lnet/minecraft/network/Connection;Lorg/spongepowered/asm/mixin/injection/callback/CallbackInfoReturnable;)V doesn't use it's CallbackInfoReturnable
[19:37:37] [Render thread/DEBUG] (FabricLoader/Mixin) meteor-client.mixins.json:ClientConnectionMixin from mod meteor-client->@Inject::onSendPacketHead(Lnet/minecraft/network/protocol/Packet;Lio/netty/channel/ChannelFutureListener;Lorg/spongepowered/asm/mixin/injection/callback/CallbackInfo;)V does use it's CallbackInfo
[19:37:37] [Render thread/DEBUG] (FabricLoader/Mixin) meteor-client.mixins.json:ClientConnectionMixin from mod meteor-client->@Inject::onSendPacketTail(Lnet/minecraft/network/protocol/Packet;Lio/netty/channel/ChannelFutureListener;Lorg/spongepowered/asm/mixin/injection/callback/CallbackInfo;)V doesn't use it's CallbackInfo
[19:37:37] [Render thread/DEBUG] (FabricLoader/Mixin) meteor-client.mixins.json:ClientConnectionMixin from mod meteor-client->@Inject::onSendPacketTail(Lnet/minecraft/network/protocol/Packet;Lio/netty/channel/ChannelFutureListener;Lorg/spongepowered/asm/mixin/injection/callback/CallbackInfo;)V has 0 override(s) in child classes
[19:37:37] [Render thread/DEBUG] (FabricLoader/Mixin) meteor-client.mixins.json:ClientConnectionMixin from mod meteor-client->@Inject::onSendPacketTail(Lnet/minecraft/network/protocol/Packet;Lio/netty/channel/ChannelFutureListener;Lorg/spongepowered/asm/mixin/injection/callback/CallbackInfo;)V won't be passed a CallbackInfo as a result
[19:37:37] [Render thread/DEBUG] (FabricLoader/Mixin) meteor-client.mixins.json:ClientConnectionMixin from mod meteor-client->@Inject::exceptionCaught(Lio/netty/channel/ChannelHandlerContext;Ljava/lang/Throwable;Lorg/spongepowered/asm/mixin/injection/callback/CallbackInfo;)V does use it's CallbackInfo
[19:37:37] [Render thread/DEBUG] (FabricLoader/Mixin) meteor-client.mixins.json:ClientConnectionMixin from mod meteor-client->@Inject::onAddHandlers(Lio/netty/channel/ChannelPipeline;Lnet/minecraft/network/protocol/PacketFlow;ZLnet/minecraft/network/BandwidthDebugMonitor;Lorg/spongepowered/asm/mixin/injection/callback/CallbackInfo;)V doesn't use it's CallbackInfo
[19:37:37] [Render thread/INFO] (FabricLoader/Mixin/audit) Force-loading class net.minecraft.server.network.config.SynchronizeRegistriesTask
[19:37:37] [Render thread/DEBUG] (FabricLoader/Mixin) Mixing SynchronizeRegistriesTaskMixin from fabric-resource-loader-v1.mixins.json into net.minecraft.server.network.config.SynchronizeRegistriesTask
[19:37:37] [Render thread/DEBUG] (FabricLoader/Mixin) fabric-resource-loader-v1.mixins.json:SynchronizeRegistriesTaskMixin from mod fabric-resource-loader-v1->@Inject::onSelectKnownPacks(Ljava/util/List;Ljava/util/function/Consumer;Lorg/spongepowered/asm/mixin/injection/callback/CallbackInfo;)V does use it's CallbackInfo
[19:37:37] [Render thread/DEBUG] (FabricLoader/Mixin) fabric-resource-loader-v1.mixins.json:SynchronizeRegistriesTaskMixin from mod fabric-resource-loader-v1->@Inject::syncRegistryAndTags(Ljava/util/function/Consumer;Ljava/util/Set;Lorg/spongepowered/asm/mixin/injection/callback/CallbackInfo;)V doesn't use it's CallbackInfo
[19:37:37] [Render thread/DEBUG] (FabricLoader/Mixin) fabric-resource-loader-v1.mixins.json:SynchronizeRegistriesTaskMixin from mod fabric-resource-loader-v1->@Inject::syncRegistryAndTags(Ljava/util/function/Consumer;Ljava/util/Set;Lorg/spongepowered/asm/mixin/injection/callback/CallbackInfo;)V has 0 override(s) in child classes
[19:37:37] [Render thread/DEBUG] (FabricLoader/Mixin) fabric-resource-loader-v1.mixins.json:SynchronizeRegistriesTaskMixin from mod fabric-resource-loader-v1->@Inject::syncRegistryAndTags(Ljava/util/function/Consumer;Ljava/util/Set;Lorg/spongepowered/asm/mixin/injection/callback/CallbackInfo;)V won't be passed a CallbackInfo as a result
[19:37:37] [Render thread/DEBUG] (FabricLoader/Mixin) fabric-resource-loader-v1.mixins.json:SynchronizeRegistriesTaskMixin from mod fabric-resource-loader-v1->@Inject::sendPacket(Ljava/util/function/Consumer;Lorg/spongepowered/asm/mixin/injection/callback/CallbackInfo;)V does use it's CallbackInfo
[19:37:37] [Render thread/INFO] (FabricLoader/Mixin/audit) Force-loading class net.minecraft.client.gui.components.ChatComponent$DrawingFocusedGraphicsAccess
[19:37:37] [Render thread/DEBUG] (FabricLoader/Mixin) Mixing ChatHudInteractableMixin from meteor-client.mixins.json into net.minecraft.client.gui.components.ChatComponent$DrawingFocusedGraphicsAccess
[19:37:37] [Render thread/DEBUG] (FabricLoader/Mixin) meteor-client.mixins.json:ChatHudInteractableMixin from mod meteor-client->@Inject::onRender_afterDrawTextWithShadow(IFLnet/minecraft/util/FormattedCharSequence;Lorg/spongepowered/asm/mixin/injection/callback/CallbackInfoReturnable;)V doesn't use it's CallbackInfoReturnable
[19:37:37] [Render thread/DEBUG] (FabricLoader/Mixin) meteor-client.mixins.json:ChatHudInteractableMixin from mod meteor-client->@Inject::onRender_afterDrawTextWithShadow(IFLnet/minecraft/util/FormattedCharSequence;Lorg/spongepowered/asm/mixin/injection/callback/CallbackInfoReturnable;)V has 0 override(s) in child classes
[19:37:37] [Render thread/DEBUG] (FabricLoader/Mixin) meteor-client.mixins.json:ChatHudInteractableMixin from mod meteor-client->@Inject::onRender_afterDrawTextWithShadow(IFLnet/minecraft/util/FormattedCharSequence;Lorg/spongepowered/asm/mixin/injection/callback/CallbackInfoReturnable;)V won't be passed a CallbackInfoReturnable as a result
[19:37:37] [Render thread/INFO] (FabricLoader/Mixin/audit) Force-loading class net.minecraft.network.protocol.BundlerInfo$1$1
[19:37:37] [Render thread/DEBUG] (FabricLoader/Mixin) Mixing PacketBundlingMixin from meteor-client.mixins.json into net.minecraft.network.protocol.BundlerInfo$1$1
[19:37:37] [Render thread/INFO] (FabricLoader/Mixin/audit) Force-loading class net.minecraft.client.renderer.blockentity.BannerRenderer
[19:37:37] [Render thread/DEBUG] (FabricLoader/Mixin) Mixing BannerBlockEntityRendererMixin from meteor-client.mixins.json into net.minecraft.client.renderer.blockentity.BannerRenderer
[19:37:37] [Render thread/DEBUG] (FabricLoader/Mixin) meteor-client.mixins.json:BannerBlockEntityRendererMixin from mod meteor-client->@Inject::injectRender1(Lnet/minecraft/client/renderer/blockentity/state/BannerRenderState;Lcom/mojang/blaze3d/vertex/PoseStack;Lnet/minecraft/client/renderer/SubmitNodeCollector;Lnet/minecraft/client/renderer/state/CameraRenderState;Lorg/spongepowered/asm/mixin/injection/callback/CallbackInfo;)V does use it's CallbackInfo
[19:37:37] [Render thread/DEBUG] (FabricLoader/Mixin) meteor-client.mixins.json:BannerBlockEntityRendererMixin from mod meteor-client->@Inject::injectRender2(Lnet/minecraft/client/renderer/blockentity/state/BannerRenderState;Lcom/mojang/blaze3d/vertex/PoseStack;Lnet/minecraft/client/renderer/SubmitNodeCollector;Lnet/minecraft/client/renderer/state/CameraRenderState;Lorg/spongepowered/asm/mixin/injection/callback/CallbackInfo;)V does use it's CallbackInfo
[19:37:37] [Render thread/INFO] (FabricLoader/Mixin/audit) Force-loading class net.minecraft.network.protocol.game.ClientboundExplodePacket
[19:37:37] [Render thread/DEBUG] (FabricLoader/Mixin) Mixing ExplosionS2CPacketMixin from meteor-client.mixins.json into net.minecraft.network.protocol.game.ClientboundExplodePacket
[19:37:37] [Render thread/INFO] (FabricLoader/Mixin/audit) Force-loading class net.minecraft.client.renderer.blockentity.SpawnerRenderer
[19:37:37] [Render thread/DEBUG] (FabricLoader/Mixin) Mixing MobSpawnerBlockEntityRendererMixin from meteor-client.mixins.json into net.minecraft.client.renderer.blockentity.SpawnerRenderer
[19:37:37] [Render thread/DEBUG] (FabricLoader/Mixin) meteor-client.mixins.json:MobSpawnerBlockEntityRendererMixin from mod meteor-client->@Inject::onRenderDisplayEntity(Lorg/spongepowered/asm/mixin/injection/callback/CallbackInfo;)V does use it's CallbackInfo
[19:37:37] [Render thread/INFO] (FabricLoader/Mixin/audit) Force-loading class net.minecraft.network.protocol.configuration.ServerboundSelectKnownPacks
[19:37:37] [Render thread/DEBUG] (FabricLoader/Mixin) Mixing ServerboundSelectKnownPacksMixin from fabric-resource-loader-v1.mixins.json into net.minecraft.network.protocol.configuration.ServerboundSelectKnownPacks
[19:37:37] [Render thread/INFO] (FabricLoader/Mixin/audit) Force-loading class net.minecraft.client.GuiMessage$Line
[19:37:37] [Render thread/DEBUG] (FabricLoader/Mixin) Mixing ChatHudLineVisibleMixin from meteor-client.mixins.json into net.minecraft.client.GuiMessage$Line
[19:37:37] [Render thread/DEBUG] (FabricLoader/Mixin) Renaming synthetic method lambda$meteor$getText$0(Ljava/lang/StringBuilder;ILnet/minecraft/network/chat/Style;I)Z to mdf8f435$meteor-client$lambda$meteor$getText$0$0 in meteor-client.mixins.json:ChatHudLineVisibleMixin from mod meteor-client
[19:37:37] [Render thread/INFO] (FabricLoader/Mixin/audit) Force-loading class net.minecraft.world.entity.projectile.ProjectileUtil
[19:37:37] [Render thread/DEBUG] (FabricLoader/Mixin) Mixing ProjectileUtilMixin from meteor-client.mixins.json into net.minecraft.world.entity.projectile.ProjectileUtil
[19:37:37] [Render thread/INFO] (FabricLoader/Mixin/audit) Force-loading class net.minecraft.client.multiplayer.resolver.AddressCheck
[19:37:37] [Render thread/DEBUG] (FabricLoader/Mixin) Mixing BlockListCheckerMixin from meteor-client.mixins.json into net.minecraft.client.multiplayer.resolver.AddressCheck
[19:37:37] [Render thread/DEBUG] (FabricLoader/Mixin) meteor-client.mixins.json:BlockListCheckerMixin from mod meteor-client->@Inject::onCreate(Lorg/spongepowered/asm/mixin/injection/callback/CallbackInfoReturnable;)V does use it's CallbackInfoReturnable
[19:37:37] [Render thread/INFO] (FabricLoader/Mixin/audit) Force-loading class net.minecraft.client.particle.FireworkParticles$Starter
[19:37:37] [Render thread/DEBUG] (FabricLoader/Mixin) Mixing FireworksSparkParticleMixin from meteor-client.mixins.json into net.minecraft.client.particle.FireworkParticles$Starter
[19:37:37] [Render thread/DEBUG] (FabricLoader/Mixin) meteor-client.mixins.json:FireworksSparkParticleMixin from mod meteor-client->@Inject::onAddExplosion(DDDDDDLit/unimi/dsi/fastutil/ints/IntList;Lit/unimi/dsi/fastutil/ints/IntList;ZZLorg/spongepowered/asm/mixin/injection/callback/CallbackInfo;)V does use it's CallbackInfo
[19:37:37] [Render thread/INFO] (FabricLoader/Mixin/audit) Force-loading class net.minecraft.client.renderer.blockentity.BeaconRenderer
[19:37:37] [Render thread/DEBUG] (FabricLoader/Mixin) Mixing BeaconBlockEntityRendererMixin from meteor-client.mixins.json into net.minecraft.client.renderer.blockentity.BeaconRenderer
[19:37:37] [Render thread/DEBUG] (FabricLoader/Mixin) meteor-client.mixins.json:BeaconBlockEntityRendererMixin from mod meteor-client->@Inject::onRender(Lcom/mojang/blaze3d/vertex/PoseStack;Lnet/minecraft/client/renderer/SubmitNodeCollector;Lnet/minecraft/resources/Identifier;FFIIIFFLorg/spongepowered/asm/mixin/injection/callback/CallbackInfo;)V does use it's CallbackInfo
[19:37:37] [Render thread/INFO] (FabricLoader/Mixin/audit) Force-loading class net.minecraft.client.gui.screens.inventory.BookViewScreen
[19:37:37] [Render thread/DEBUG] (FabricLoader/Mixin) Mixing BookScreenMixin from meteor-client.mixins.json into net.minecraft.client.gui.screens.inventory.BookViewScreen
[19:37:37] [Render thread/DEBUG] (FabricLoader/Mixin) Renaming synthetic method lambda$onInit$1(Lnet/minecraft/world/item/ItemStack;Lnet/minecraft/world/InteractionHand;Lnet/minecraft/client/gui/components/Button;)V to mdf8f435$meteor-client$lambda$onInit$1$0 in meteor-client.mixins.json:BookScreenMixin from mod meteor-client
[19:37:37] [Render thread/DEBUG] (FabricLoader/Mixin) Renaming synthetic method lambda$onInit$0(Lnet/minecraft/client/gui/components/Button;)V to mdf8f435$meteor-client$lambda$onInit$0$1 in meteor-client.mixins.json:BookScreenMixin from mod meteor-client
[19:37:37] [Render thread/DEBUG] (FabricLoader/Mixin) meteor-client.mixins.json:BookScreenMixin from mod meteor-client->@Inject::onInit(Lorg/spongepowered/asm/mixin/injection/callback/CallbackInfo;)V doesn't use it's CallbackInfo
[19:37:37] [Render thread/DEBUG] (FabricLoader/Mixin) meteor-client.mixins.json:BookScreenMixin from mod meteor-client->@Inject::onInit(Lorg/spongepowered/asm/mixin/injection/callback/CallbackInfo;)V has 0 override(s) in child classes
[19:37:37] [Render thread/DEBUG] (FabricLoader/Mixin) meteor-client.mixins.json:BookScreenMixin from mod meteor-client->@Inject::onInit(Lorg/spongepowered/asm/mixin/injection/callback/CallbackInfo;)V won't be passed a CallbackInfo as a result
[19:37:37] [Render thread/INFO] (FabricLoader/Mixin/audit) Force-loading class net.minecraft.client.gui.screens.inventory.BrewingStandScreen
[19:37:37] [Render thread/DEBUG] (FabricLoader/Mixin) Mixing BrewingStandScreenMixin from meteor-client.mixins.json into net.minecraft.client.gui.screens.inventory.BrewingStandScreen
[19:37:37] [Render thread/INFO] (FabricLoader/Mixin/audit) Force-loading class net.minecraft.client.gui.BundleMouseActions
[19:37:37] [Render thread/DEBUG] (FabricLoader/Mixin) Mixing BundleTooltipSubmenuHandlerMixin from meteor-client.mixins.json into net.minecraft.client.gui.BundleMouseActions
[19:37:37] [Render thread/INFO] (FabricLoader/Mixin/audit) Force-loading class net.minecraft.client.multiplayer.MultiPlayerGameMode
[19:37:37] [Render thread/DEBUG] (FabricLoader/Mixin) Mixing ClientPlayerInteractionManagerAccessor from meteor-client.mixins.json into net.minecraft.client.multiplayer.MultiPlayerGameMode
[19:37:37] [Render thread/DEBUG] (FabricLoader/Mixin) Mixing ClientPlayerInteractionManagerMixin from meteor-client.mixins.json into net.minecraft.client.multiplayer.MultiPlayerGameMode
[19:37:37] [Render thread/DEBUG] (FabricLoader/Mixin) Renaming synthetic method lambda$onAttackBlock$1(Lnet/minecraft/core/BlockPos;Lnet/minecraft/core/Direction;I)Lnet/minecraft/network/protocol/Packet; to mdf8f435$meteor-client$lambda$onAttackBlock$1$0 in meteor-client.mixins.json:ClientPlayerInteractionManagerMixin from mod meteor-client
[19:37:37] [Render thread/DEBUG] (FabricLoader/Mixin) Renaming synthetic method lambda$onAttackBlock$0(Lnet/minecraft/core/BlockPos;Lnet/minecraft/core/Direction;I)Lnet/minecraft/network/protocol/Packet; to mdf8f435$meteor-client$lambda$onAttackBlock$0$1 in meteor-client.mixins.json:ClientPlayerInteractionManagerMixin from mod meteor-client
[19:37:37] [Render thread/DEBUG] (FabricLoader/Mixin) meteor-client.mixins.json:ClientPlayerInteractionManagerMixin from mod meteor-client->@Inject::onClickSlot(IIILnet/minecraft/world/inventory/ClickType;Lnet/minecraft/world/entity/player/Player;Lorg/spongepowered/asm/mixin/injection/callback/CallbackInfo;)V does use it's CallbackInfo
[19:37:37] [Render thread/DEBUG] (FabricLoader/Mixin) meteor-client.mixins.json:ClientPlayerInteractionManagerMixin from mod meteor-client->@Inject::onAttackBlock(Lnet/minecraft/core/BlockPos;Lnet/minecraft/core/Direction;Lorg/spongepowered/asm/mixin/injection/callback/CallbackInfoReturnable;)V does use it's CallbackInfoReturnable
[19:37:37] [Render thread/DEBUG] (FabricLoader/Mixin) meteor-client.mixins.json:ClientPlayerInteractionManagerMixin from mod meteor-client->@Inject::interactBlock(Lnet/minecraft/client/player/LocalPlayer;Lnet/minecraft/world/InteractionHand;Lnet/minecraft/world/phys/BlockHitResult;Lorg/spongepowered/asm/mixin/injection/callback/CallbackInfoReturnable;)V does use it's CallbackInfoReturnable
[19:37:37] [Render thread/DEBUG] (FabricLoader/Mixin) meteor-client.mixins.json:ClientPlayerInteractionManagerMixin from mod meteor-client->@Inject::onAttackEntity(Lnet/minecraft/world/entity/player/Player;Lnet/minecraft/world/entity/Entity;Lorg/spongepowered/asm/mixin/injection/callback/CallbackInfo;)V does use it's CallbackInfo
[19:37:37] [Render thread/DEBUG] (FabricLoader/Mixin) meteor-client.mixins.json:ClientPlayerInteractionManagerMixin from mod meteor-client->@Inject::onInteractEntity(Lnet/minecraft/world/entity/player/Player;Lnet/minecraft/world/entity/Entity;Lnet/minecraft/world/InteractionHand;Lorg/spongepowered/asm/mixin/injection/callback/CallbackInfoReturnable;)V does use it's CallbackInfoReturnable
[19:37:37] [Render thread/DEBUG] (FabricLoader/Mixin) meteor-client.mixins.json:ClientPlayerInteractionManagerMixin from mod meteor-client->@Inject::onDropCreativeStack(Lnet/minecraft/world/item/ItemStack;Lorg/spongepowered/asm/mixin/injection/callback/CallbackInfo;)V does use it's CallbackInfo
[19:37:37] [Render thread/DEBUG] (FabricLoader/Mixin) meteor-client.mixins.json:ClientPlayerInteractionManagerMixin from mod meteor-client->@Inject::onBreakBlock(Lnet/minecraft/core/BlockPos;Lorg/spongepowered/asm/mixin/injection/callback/CallbackInfoReturnable;)V does use it's CallbackInfoReturnable
[19:37:37] [Render thread/DEBUG] (FabricLoader/Mixin) meteor-client.mixins.json:ClientPlayerInteractionManagerMixin from mod meteor-client->@Inject::onInteractItem(Lnet/minecraft/world/entity/player/Player;Lnet/minecraft/world/InteractionHand;Lorg/spongepowered/asm/mixin/injection/callback/CallbackInfoReturnable;)V does use it's CallbackInfoReturnable
[19:37:37] [Render thread/DEBUG] (FabricLoader/Mixin) meteor-client.mixins.json:ClientPlayerInteractionManagerMixin from mod meteor-client->@Inject::onCancelBlockBreaking(Lorg/spongepowered/asm/mixin/injection/callback/CallbackInfo;)V does use it's CallbackInfo
[19:37:37] [Render thread/INFO] (FabricLoader/Mixin/audit) Force-loading class net.minecraft.client.gui.screens.inventory.BeaconScreen
[19:37:37] [Render thread/DEBUG] (FabricLoader/Mixin) Mixing BeaconScreenMixin from meteor-client.mixins.json into net.minecraft.client.gui.screens.inventory.BeaconScreen
[19:37:37] [Render thread/DEBUG] (FabricLoader/Mixin) meteor-client.mixins.json:BeaconScreenMixin from mod meteor-client->@Inject::changeButtons(Lorg/spongepowered/asm/mixin/injection/callback/CallbackInfo;)V does use it's CallbackInfo
[19:37:37] [Render thread/DEBUG] (FabricLoader/Mixin) meteor-client.mixins.json:BeaconScreenMixin from mod meteor-client->@Inject::onDrawBackground(Lnet/minecraft/client/gui/GuiGraphics;FIILorg/spongepowered/asm/mixin/injection/callback/CallbackInfo;)V doesn't use it's CallbackInfo
[19:37:37] [Render thread/DEBUG] (FabricLoader/Mixin) meteor-client.mixins.json:BeaconScreenMixin from mod meteor-client->@Inject::onDrawBackground(Lnet/minecraft/client/gui/GuiGraphics;FIILorg/spongepowered/asm/mixin/injection/callback/CallbackInfo;)V has 0 override(s) in child classes
[19:37:37] [Render thread/DEBUG] (FabricLoader/Mixin) meteor-client.mixins.json:BeaconScreenMixin from mod meteor-client->@Inject::onDrawBackground(Lnet/minecraft/client/gui/GuiGraphics;FIILorg/spongepowered/asm/mixin/injection/callback/CallbackInfo;)V won't be passed a CallbackInfo as a result
[19:37:37] [Render thread/INFO] (FabricLoader/Mixin/audit) Force-loading class net.minecraft.client.renderer.entity.layers.CapeLayer
[19:37:37] [Render thread/DEBUG] (FabricLoader/Mixin) Mixing CapeFeatureRendererMixin from meteor-client.mixins.json into net.minecraft.client.renderer.entity.layers.CapeLayer
[19:37:38] [Render thread/INFO] (FabricLoader/Mixin/audit) Force-loading class net.minecraft.client.gui.screens.inventory.BookEditScreen
[19:37:38] [Render thread/DEBUG] (FabricLoader/Mixin) Mixing BookEditScreenMixin from meteor-client.mixins.json into net.minecraft.client.gui.screens.inventory.BookEditScreen
[19:37:38] [Render thread/DEBUG] (FabricLoader/Mixin) Renaming synthetic method lambda$onInit$1(Lnet/minecraft/client/gui/components/Button;)V to mdf8f435$meteor-client$lambda$onInit$1$0 in meteor-client.mixins.json:BookEditScreenMixin from mod meteor-client
[19:37:38] [Render thread/DEBUG] (FabricLoader/Mixin) Renaming synthetic method lambda$onInit$0(Lnet/minecraft/client/gui/components/Button;)V to mdf8f435$meteor-client$lambda$onInit$0$1 in meteor-client.mixins.json:BookEditScreenMixin from mod meteor-client
[19:37:38] [Render thread/DEBUG] (FabricLoader/Mixin) meteor-client.mixins.json:BookEditScreenMixin from mod meteor-client->@Inject::onInit(Lorg/spongepowered/asm/mixin/injection/callback/CallbackInfo;)V doesn't use it's CallbackInfo
[19:37:38] [Render thread/DEBUG] (FabricLoader/Mixin) meteor-client.mixins.json:BookEditScreenMixin from mod meteor-client->@Inject::onInit(Lorg/spongepowered/asm/mixin/injection/callback/CallbackInfo;)V has 0 override(s) in child classes
[19:37:38] [Render thread/DEBUG] (FabricLoader/Mixin) meteor-client.mixins.json:BookEditScreenMixin from mod meteor-client->@Inject::onInit(Lorg/spongepowered/asm/mixin/injection/callback/CallbackInfo;)V won't be passed a CallbackInfo as a result
[19:37:38] [Render thread/INFO] (FabricLoader/Mixin/audit) Force-loading class net.minecraft.network.protocol.game.ServerboundMovePlayerPacket
[19:37:38] [Render thread/DEBUG] (FabricLoader/Mixin) Mixing PlayerMoveC2SPacketAccessor from meteor-client.mixins.json into net.minecraft.network.protocol.game.ServerboundMovePlayerPacket
[19:37:38] [Render thread/DEBUG] (FabricLoader/Mixin) Mixing PlayerMoveC2SPacketMixin from meteor-client.mixins.json into net.minecraft.network.protocol.game.ServerboundMovePlayerPacket
[19:37:38] [Render thread/INFO] (FabricLoader/Mixin/audit) Force-loading class net.minecraft.server.ServerAdvancementManager
[19:37:38] [Render thread/DEBUG] (FabricLoader/Mixin) Mixing KeyedResourceReloaderMixin from fabric-resource-loader-v1.mixins.json into net.minecraft.server.ServerAdvancementManager
[19:37:38] [Render thread/INFO] (FabricLoader/Mixin/audit) Force-loading class net.minecraft.world.level.entity.LevelEntityGetterAdapter
[19:37:38] [Render thread/DEBUG] (FabricLoader/Mixin) Mixing SimpleEntityLookupAccessor from meteor-client.mixins.json into net.minecraft.world.level.entity.LevelEntityGetterAdapter
[19:37:38] [Render thread/INFO] (FabricLoader/Mixin/audit) Force-loading class net.minecraft.client.renderer.BiomeColors
[19:37:38] [Render thread/DEBUG] (FabricLoader/Mixin) Mixing BiomeColorsMixin from meteor-client.mixins.json into net.minecraft.client.renderer.BiomeColors
[19:37:38] [Render thread/DEBUG] (FabricLoader/Mixin) meteor-client.mixins.json:BiomeColorsMixin from mod meteor-client->@Inject::onGetWaterColor(Lnet/minecraft/world/level/BlockAndTintGetter;Lnet/minecraft/core/BlockPos;Lorg/spongepowered/asm/mixin/injection/callback/CallbackInfoReturnable;)V does use it's CallbackInfoReturnable
[19:37:38] [Render thread/DEBUG] (FabricLoader/Mixin) meteor-client.mixins.json:BiomeColorsMixin from mod meteor-client->@Inject::onGetFoliageColor(Lnet/minecraft/world/level/BlockAndTintGetter;Lnet/minecraft/core/BlockPos;Lorg/spongepowered/asm/mixin/injection/callback/CallbackInfoReturnable;)V does use it's CallbackInfoReturnable
[19:37:38] [Render thread/DEBUG] (FabricLoader/Mixin) meteor-client.mixins.json:BiomeColorsMixin from mod meteor-client->@Inject::onGetGrassColor(Lnet/minecraft/world/level/BlockAndTintGetter;Lnet/minecraft/core/BlockPos;Lorg/spongepowered/asm/mixin/injection/callback/CallbackInfoReturnable;)V does use it's CallbackInfoReturnable
[19:37:38] [Render thread/INFO] (FabricLoader/Mixin/audit) Force-loading class net.minecraft.client.gui.GuiGraphics
[19:37:38] [Render thread/DEBUG] (FabricLoader/Mixin) Mixing DrawContextAccessor from meteor-client.mixins.json into net.minecraft.client.gui.GuiGraphics
[19:37:38] [Render thread/DEBUG] (FabricLoader/Mixin) Mixing DrawContextMixin from meteor-client.mixins.json into net.minecraft.client.gui.GuiGraphics
[19:37:38] [Render thread/DEBUG] (FabricLoader/Mixin) meteor-client.mixins.json:DrawContextMixin from mod meteor-client->@Inject::onDrawTooltip(Lnet/minecraft/client/gui/Font;Ljava/util/List;Ljava/util/Optional;IILnet/minecraft/resources/Identifier;Lorg/spongepowered/asm/mixin/injection/callback/CallbackInfo;)V doesn't use it's CallbackInfo
[19:37:38] [Render thread/DEBUG] (FabricLoader/Mixin) meteor-client.mixins.json:DrawContextMixin from mod meteor-client->@Inject::onDrawTooltip(Lnet/minecraft/client/gui/Font;Ljava/util/List;Ljava/util/Optional;IILnet/minecraft/resources/Identifier;Lorg/spongepowered/asm/mixin/injection/callback/CallbackInfo;)V has 0 override(s) in child classes
[19:37:38] [Render thread/DEBUG] (FabricLoader/Mixin) meteor-client.mixins.json:DrawContextMixin from mod meteor-client->@Inject::onDrawTooltip(Lnet/minecraft/client/gui/Font;Ljava/util/List;Ljava/util/Optional;IILnet/minecraft/resources/Identifier;Lorg/spongepowered/asm/mixin/injection/callback/CallbackInfo;)V won't be passed a CallbackInfo as a result
[19:37:38] [Render thread/INFO] (FabricLoader/Mixin/audit) Force-loading class net.minecraft.client.gui.components.ChatComponent$DrawingBackgroundGraphicsAccess
[19:37:38] [Render thread/DEBUG] (FabricLoader/Mixin) Mixing ChatHudUnfocusedMixin from meteor-client.mixins.json into net.minecraft.client.gui.components.ChatComponent$DrawingBackgroundGraphicsAccess
[19:37:38] [Render thread/DEBUG] (FabricLoader/Mixin) meteor-client.mixins.json:ChatHudUnfocusedMixin from mod meteor-client->@Inject::onRender_afterDrawText(IFLnet/minecraft/util/FormattedCharSequence;Lorg/spongepowered/asm/mixin/injection/callback/CallbackInfoReturnable;)V doesn't use it's CallbackInfoReturnable
[19:37:38] [Render thread/DEBUG] (FabricLoader/Mixin) meteor-client.mixins.json:ChatHudUnfocusedMixin from mod meteor-client->@Inject::onRender_afterDrawText(IFLnet/minecraft/util/FormattedCharSequence;Lorg/spongepowered/asm/mixin/injection/callback/CallbackInfoReturnable;)V has 0 override(s) in child classes
[19:37:38] [Render thread/DEBUG] (FabricLoader/Mixin) meteor-client.mixins.json:ChatHudUnfocusedMixin from mod meteor-client->@Inject::onRender_afterDrawText(IFLnet/minecraft/util/FormattedCharSequence;Lorg/spongepowered/asm/mixin/injection/callback/CallbackInfoReturnable;)V won't be passed a CallbackInfoReturnable as a result
[19:37:38] [Render thread/INFO] (FabricLoader/Mixin/audit) Force-loading class net.minecraft.client.multiplayer.KnownPacksManager
[19:37:38] [Render thread/DEBUG] (FabricLoader/Mixin) Mixing KnownPacksManagerMixin from fabric-resource-loader-v1.client.mixins.json into net.minecraft.client.multiplayer.KnownPacksManager
[19:37:38] [Render thread/INFO] (FabricLoader/Mixin/audit) Force-loading class net.minecraft.client.renderer.ItemBlockRenderTypes
[19:37:38] [Render thread/DEBUG] (FabricLoader/Mixin) Mixing BlockRenderLayersMixin from meteor-client.mixins.json into net.minecraft.client.renderer.ItemBlockRenderTypes
[19:37:38] [Render thread/DEBUG] (FabricLoader/Mixin) meteor-client.mixins.json:BlockRenderLayersMixin from mod meteor-client->@Inject::onGetBlockLayer(Lnet/minecraft/world/level/block/state/BlockState;Lorg/spongepowered/asm/mixin/injection/callback/CallbackInfoReturnable;)V does use it's CallbackInfoReturnable
[19:37:38] [Render thread/DEBUG] (FabricLoader/Mixin) meteor-client.mixins.json:BlockRenderLayersMixin from mod meteor-client->@Inject::onGetFluidLayer(Lnet/minecraft/world/level/material/FluidState;Lorg/spongepowered/asm/mixin/injection/callback/CallbackInfoReturnable;)V does use it's CallbackInfoReturnable
[19:37:38] [Render thread/INFO] (FabricLoader/Mixin/audit) Force-loading class net.minecraft.server.commands.DataPackCommand
[19:37:38] [Render thread/DEBUG] (FabricLoader/Mixin) Mixing DataPackCommandMixin from fabric-resource-loader-v1.mixins.json into net.minecraft.server.commands.DataPackCommand
[19:37:38] [Render thread/DEBUG] (FabricLoader/Mixin) Renaming synthetic method lambda$filterDisabledPackSuggestions$2(Lnet/minecraft/server/packs/repository/Pack;)Z to mdf8f435$fabric-resource-loader-v1$lambda$filterDisabledPackSuggestions$2$0 in fabric-resource-loader-v1.mixins.json:DataPackCommandMixin from mod fabric-resource-loader-v1
[19:37:38] [Render thread/DEBUG] (FabricLoader/Mixin) Renaming synthetic method lambda$filterEnabledPackSuggestions$1(Lnet/minecraft/server/packs/repository/Pack;)Z to mdf8f435$fabric-resource-loader-v1$lambda$filterEnabledPackSuggestions$1$1 in fabric-resource-loader-v1.mixins.json:DataPackCommandMixin from mod fabric-resource-loader-v1
[19:37:38] [Render thread/DEBUG] (FabricLoader/Mixin) Renaming synthetic method lambda$static$0(Ljava/lang/Object;)Lcom/mojang/brigadier/Message; to mdf8f435$fabric-resource-loader-v1$lambda$static$0$2 in fabric-resource-loader-v1.mixins.json:DataPackCommandMixin from mod fabric-resource-loader-v1
[19:37:38] [Render thread/DEBUG] (FabricLoader/Mixin) fabric-resource-loader-v1.mixins.json:DataPackCommandMixin from mod fabric-resource-loader-v1->@Inject::errorOnInternalPack(Lcom/mojang/brigadier/context/CommandContext;Ljava/lang/String;ZLorg/spongepowered/asm/mixin/injection/callback/CallbackInfoReturnable;)V doesn't use it's CallbackInfoReturnable
[19:37:38] [Worker-Main-25/DEBUG] (FabricLoader/Mixin) Mixing EndCrystalEntityModelMixin from meteor-client.mixins.json into net.minecraft.client.model.object.crystal.EndCrystalModel
[19:37:38] [Render thread/INFO] (FabricLoader/Mixin/audit) Force-loading class net.minecraft.client.gui.screens.packs.PackSelectionModel
[19:37:38] [Render thread/DEBUG] (FabricLoader/Mixin) Mixing PackSelectionModelMixin from fabric-resource-loader-v1.client.mixins.json into net.minecraft.client.gui.screens.packs.PackSelectionModel
[19:37:38] [Render thread/DEBUG] (FabricLoader/Mixin) Renaming synthetic method lambda$removeHiddenPacksRefresh$3(Lnet/minecraft/server/packs/repository/Pack;)Z to mdf8f435$fabric-resource-loader-v1$lambda$removeHiddenPacksRefresh$3$0 in fabric-resource-loader-v1.client.mixins.json:PackSelectionModelMixin from mod fabric-resource-loader-v1
[19:37:38] [Render thread/DEBUG] (FabricLoader/Mixin) Renaming synthetic method lambda$removeHiddenPacksRefresh$2(Lnet/minecraft/server/packs/repository/Pack;)Z to mdf8f435$fabric-resource-loader-v1$lambda$removeHiddenPacksRefresh$2$1 in fabric-resource-loader-v1.client.mixins.json:PackSelectionModelMixin from mod fabric-resource-loader-v1
[19:37:38] [Render thread/DEBUG] (FabricLoader/Mixin) Renaming synthetic method lambda$removeHiddenPacksInit$1(Lnet/minecraft/server/packs/repository/Pack;)Z to mdf8f435$fabric-resource-loader-v1$lambda$removeHiddenPacksInit$1$2 in fabric-resource-loader-v1.client.mixins.json:PackSelectionModelMixin from mod fabric-resource-loader-v1
[19:37:38] [Render thread/DEBUG] (FabricLoader/Mixin) Renaming synthetic method lambda$removeHiddenPacksInit$0(Lnet/minecraft/server/packs/repository/Pack;)Z to mdf8f435$fabric-resource-loader-v1$lambda$removeHiddenPacksInit$0$3 in fabric-resource-loader-v1.client.mixins.json:PackSelectionModelMixin from mod fabric-resource-loader-v1
[19:37:38] [Render thread/DEBUG] (FabricLoader/Mixin) fabric-resource-loader-v1.client.mixins.json:PackSelectionModelMixin from mod fabric-resource-loader-v1->@Inject::removeHiddenPacksInit(Ljava/util/function/Consumer;Ljava/util/function/Function;Lnet/minecraft/server/packs/repository/PackRepository;Ljava/util/function/Consumer;Lorg/spongepowered/asm/mixin/injection/callback/CallbackInfo;)V doesn't use it's CallbackInfo
[19:37:38] [Render thread/DEBUG] (FabricLoader/Mixin) fabric-resource-loader-v1.client.mixins.json:PackSelectionModelMixin from mod fabric-resource-loader-v1->@Inject::removeHiddenPacksInit(Ljava/util/function/Consumer;Ljava/util/function/Function;Lnet/minecraft/server/packs/repository/PackRepository;Ljava/util/function/Consumer;Lorg/spongepowered/asm/mixin/injection/callback/CallbackInfo;)V has 0 override(s) in child classes
[19:37:38] [Render thread/DEBUG] (FabricLoader/Mixin) fabric-resource-loader-v1.client.mixins.json:PackSelectionModelMixin from mod fabric-resource-loader-v1->@Inject::removeHiddenPacksInit(Ljava/util/function/Consumer;Ljava/util/function/Function;Lnet/minecraft/server/packs/repository/PackRepository;Ljava/util/function/Consumer;Lorg/spongepowered/asm/mixin/injection/callback/CallbackInfo;)V won't be passed a CallbackInfo as a result
[19:37:38] [Render thread/DEBUG] (FabricLoader/Mixin) fabric-resource-loader-v1.client.mixins.json:PackSelectionModelMixin from mod fabric-resource-loader-v1->@Inject::removeHiddenPacksRefresh(Lorg/spongepowered/asm/mixin/injection/callback/CallbackInfo;)V doesn't use it's CallbackInfo
[19:37:38] [Render thread/DEBUG] (FabricLoader/Mixin) fabric-resource-loader-v1.client.mixins.json:PackSelectionModelMixin from mod fabric-resource-loader-v1->@Inject::removeHiddenPacksRefresh(Lorg/spongepowered/asm/mixin/injection/callback/CallbackInfo;)V has 0 override(s) in child classes
[19:37:38] [Render thread/DEBUG] (FabricLoader/Mixin) fabric-resource-loader-v1.client.mixins.json:PackSelectionModelMixin from mod fabric-resource-loader-v1->@Inject::removeHiddenPacksRefresh(Lorg/spongepowered/asm/mixin/injection/callback/CallbackInfo;)V won't be passed a CallbackInfo as a result
[19:37:38] [Render thread/INFO] (FabricLoader/Mixin/audit) Force-loading class net.minecraft.network.protocol.game.ClientboundSetEntityMotionPacket
[19:37:38] [Render thread/DEBUG] (FabricLoader/Mixin) Mixing EntityVelocityUpdateS2CPacketAccessor from meteor-client.mixins.json into net.minecraft.network.protocol.game.ClientboundSetEntityMotionPacket
[19:37:38] [Render thread/INFO] (FabricLoader/Mixin/audit) Force-loading class net.minecraft.gametest.framework.GameTestServer
[19:37:38] [Render thread/DEBUG] (FabricLoader/Mixin) Mixing GameTestServerMixin from fabric-resource-loader-v1.mixins.json into net.minecraft.gametest.framework.GameTestServer
[19:37:38] [Render thread/INFO] (FabricLoader/Mixin/audit) Force-loading class net.minecraft.client.renderer.blockentity.AbstractSignRenderer
[19:37:38] [Render thread/DEBUG] (FabricLoader/Mixin) Mixing AbstractSignBlockEntityRendererMixin from meteor-client.mixins.json into net.minecraft.client.renderer.blockentity.AbstractSignRenderer
[19:37:38] [Render thread/INFO] (FabricLoader/Mixin/audit) Force-loading class net.minecraft.network.protocol.game.ServerboundInteractPacket
[19:37:38] [Render thread/DEBUG] (FabricLoader/Mixin) Mixing PlayerInteractEntityC2SPacketMixin from meteor-client.mixins.json into net.minecraft.network.protocol.game.ServerboundInteractPacket
[19:37:38] [Render thread/INFO] (FabricLoader/Mixin/audit) Force-loading class net.minecraft.client.gui.screens.ConnectScreen
[19:37:38] [Render thread/DEBUG] (FabricLoader/Mixin) Mixing ConnectScreenMixin from meteor-client.mixins.json into net.minecraft.client.gui.screens.ConnectScreen
[19:37:38] [Render thread/DEBUG] (FabricLoader/Mixin) meteor-client.mixins.json:ConnectScreenMixin from mod meteor-client->@Inject::tryConnectEvent(Lnet/minecraft/client/Minecraft;Lnet/minecraft/client/multiplayer/resolver/ServerAddress;Lnet/minecraft/client/multiplayer/ServerData;Lnet/minecraft/client/multiplayer/TransferState;Lorg/spongepowered/asm/mixin/injection/callback/CallbackInfo;)V doesn't use it's CallbackInfo
[19:37:38] [Render thread/DEBUG] (FabricLoader/Mixin) meteor-client.mixins.json:ConnectScreenMixin from mod meteor-client->@Inject::tryConnectEvent(Lnet/minecraft/client/Minecraft;Lnet/minecraft/client/multiplayer/resolver/ServerAddress;Lnet/minecraft/client/multiplayer/ServerData;Lnet/minecraft/client/multiplayer/TransferState;Lorg/spongepowered/asm/mixin/injection/callback/CallbackInfo;)V has 0 override(s) in child classes
[19:37:38] [Render thread/DEBUG] (FabricLoader/Mixin) meteor-client.mixins.json:ConnectScreenMixin from mod meteor-client->@Inject::tryConnectEvent(Lnet/minecraft/client/Minecraft;Lnet/minecraft/client/multiplayer/resolver/ServerAddress;Lnet/minecraft/client/multiplayer/ServerData;Lnet/minecraft/client/multiplayer/TransferState;Lorg/spongepowered/asm/mixin/injection/callback/CallbackInfo;)V won't be passed a CallbackInfo as a result
[19:37:38] [Render thread/INFO] (FabricLoader/Mixin/audit) Force-loading class net.minecraft.world.item.crafting.RecipeManager
[19:37:38] [Render thread/DEBUG] (FabricLoader/Mixin) Mixing KeyedResourceReloaderMixin from fabric-resource-loader-v1.mixins.json into net.minecraft.world.item.crafting.RecipeManager
[19:37:38] [Render thread/INFO] (FabricLoader/Mixin/audit) Force-loading class net.minecraft.client.renderer.LevelRenderer$BrightnessGetter
[19:37:38] [Render thread/DEBUG] (FabricLoader/Mixin) Mixing BrightnessGetterMixin from meteor-client.mixins.json into net.minecraft.client.renderer.LevelRenderer$BrightnessGetter
[19:37:38] [Render thread/INFO] (FabricLoader/Mixin/audit) Force-loading class net.minecraft.server.ReloadableServerResources
[19:37:38] [Render thread/DEBUG] (FabricLoader/Mixin) Mixing ReloadableServerResourcesMixin from fabric-resource-loader-v1.mixins.json into net.minecraft.server.ReloadableServerResources
[19:37:38] [Render thread/INFO] (FabricLoader/Mixin/audit) Force-loading class net.minecraft.client.renderer.entity.LightningBoltRenderer
[19:37:38] [Render thread/DEBUG] (FabricLoader/Mixin) Mixing LightningEntityRendererMixin from meteor-client.mixins.json into net.minecraft.client.renderer.entity.LightningBoltRenderer
[19:37:38] [Render thread/DEBUG] (FabricLoader/Mixin) meteor-client.mixins.json:LightningEntityRendererMixin from mod meteor-client->@Inject::onSetLightningVertex(Lorg/joml/Matrix4f;Lcom/mojang/blaze3d/vertex/VertexConsumer;FFIFFFFFFFZZZZLorg/spongepowered/asm/mixin/injection/callback/CallbackInfo;)V does use it's CallbackInfo
[19:37:38] [Render thread/INFO] (FabricLoader/Mixin/audit) Force-loading class net.minecraft.client.renderer.entity.layers.CustomHeadLayer
[19:37:38] [Render thread/DEBUG] (FabricLoader/Mixin) Mixing HeadFeatureRendererMixin from meteor-client.mixins.json into net.minecraft.client.renderer.entity.layers.CustomHeadLayer
[19:37:38] [Render thread/DEBUG] (FabricLoader/Mixin) meteor-client.mixins.json:HeadFeatureRendererMixin from mod meteor-client->@Inject::onRender(Lcom/mojang/blaze3d/vertex/PoseStack;Lnet/minecraft/client/renderer/SubmitNodeCollector;ILnet/minecraft/client/renderer/entity/state/LivingEntityRenderState;FFLorg/spongepowered/asm/mixin/injection/callback/CallbackInfo;)V does use it's CallbackInfo
[19:37:38] [Render thread/INFO] (FabricLoader/Mixin/audit) Force-loading class net.minecraft.client.gui.components.ChatComponent$1
[19:37:38] [Render thread/DEBUG] (FabricLoader/Mixin) Mixing ChatHudLineConsumerMixin from meteor-client.mixins.json into net.minecraft.client.gui.components.ChatComponent$1
[19:37:38] [Render thread/DEBUG] (FabricLoader/Mixin) meteor-client.mixins.json:ChatHudLineConsumerMixin from mod meteor-client->@Inject::setLine(Lnet/minecraft/client/GuiMessage$Line;IFLorg/spongepowered/asm/mixin/injection/callback/CallbackInfo;)V doesn't use it's CallbackInfo
[19:37:38] [Render thread/DEBUG] (FabricLoader/Mixin) meteor-client.mixins.json:ChatHudLineConsumerMixin from mod meteor-client->@Inject::setLine(Lnet/minecraft/client/GuiMessage$Line;IFLorg/spongepowered/asm/mixin/injection/callback/CallbackInfo;)V has 0 override(s) in child classes
[19:37:38] [Render thread/DEBUG] (FabricLoader/Mixin) meteor-client.mixins.json:ChatHudLineConsumerMixin from mod meteor-client->@Inject::setLine(Lnet/minecraft/client/GuiMessage$Line;IFLorg/spongepowered/asm/mixin/injection/callback/CallbackInfo;)V won't be passed a CallbackInfo as a result
[19:37:38] [Render thread/INFO] (FabricLoader/Mixin/audit) Force-loading class net.minecraft.client.renderer.entity.ItemEntityRenderer
[19:37:38] [Render thread/DEBUG] (FabricLoader/Mixin) Mixing ItemEntityRendererMixin from meteor-client.mixins.json into net.minecraft.client.renderer.entity.ItemEntityRenderer
[19:37:38] [Render thread/DEBUG] (FabricLoader/Mixin) meteor-client.mixins.json:ItemEntityRendererMixin from mod meteor-client->@Inject::renderStack(Lnet/minecraft/client/renderer/entity/state/ItemEntityRenderState;Lcom/mojang/blaze3d/vertex/PoseStack;Lnet/minecraft/client/renderer/SubmitNodeCollector;Lnet/minecraft/client/renderer/state/CameraRenderState;Lorg/spongepowered/asm/mixin/injection/callback/CallbackInfo;)V does use it's CallbackInfo
[19:37:38] [Render thread/INFO] (FabricLoader/Mixin/audit) Force-loading class net.minecraft.client.gui.screens.packs.TransferableSelectionList$PackEntry
[19:37:38] [Render thread/DEBUG] (FabricLoader/Mixin) Mixing TransferableSelectionListPackEntryMixin from fabric-resource-loader-v1.client.mixins.json into net.minecraft.client.gui.screens.packs.TransferableSelectionList$PackEntry
[19:37:38] [Render thread/DEBUG] (FabricLoader/Mixin) fabric-resource-loader-v1.client.mixins.json:TransferableSelectionListPackEntryMixin from mod fabric-resource-loader-v1->@Inject::onRenderContent(Lnet/minecraft/client/gui/GuiGraphics;IIZFLorg/spongepowered/asm/mixin/injection/callback/CallbackInfo;)V doesn't use it's CallbackInfo
[19:37:38] [Render thread/DEBUG] (FabricLoader/Mixin) fabric-resource-loader-v1.client.mixins.json:TransferableSelectionListPackEntryMixin from mod fabric-resource-loader-v1->@Inject::onRenderContent(Lnet/minecraft/client/gui/GuiGraphics;IIZFLorg/spongepowered/asm/mixin/injection/callback/CallbackInfo;)V has 0 override(s) in child classes
[19:37:38] [Render thread/DEBUG] (FabricLoader/Mixin) fabric-resource-loader-v1.client.mixins.json:TransferableSelectionListPackEntryMixin from mod fabric-resource-loader-v1->@Inject::onRenderContent(Lnet/minecraft/client/gui/GuiGraphics;IIZFLorg/spongepowered/asm/mixin/injection/callback/CallbackInfo;)V won't be passed a CallbackInfo as a result
[19:37:38] [Render thread/INFO] (FabricLoader/Mixin/audit) Force-loading class net.minecraft.client.gui.screens.inventory.CreativeModeInventoryScreen
[19:37:38] [Render thread/DEBUG] (FabricLoader/Mixin) Mixing CreativeInventoryScreenAccessor from meteor-client.mixins.json into net.minecraft.client.gui.screens.inventory.CreativeModeInventoryScreen
[19:37:38] [Render thread/DEBUG] (FabricLoader/Mixin) Renaming @Accessor method meteor$getSelectedTab()Lnet/minecraft/world/item/CreativeModeTab; to meteor$getSelectedTab$meteor-client_$md$f8f435$0 in meteor-client.mixins.json:CreativeInventoryScreenAccessor from mod meteor-client
[19:37:38] [Render thread/INFO] (FabricLoader/Mixin/audit) Force-loading class net.minecraft.world.food.FoodData
[19:37:38] [Render thread/DEBUG] (FabricLoader/Mixin) Mixing HungerManagerMixin from meteor-client.mixins.json into net.minecraft.world.food.FoodData
[19:37:38] [Render thread/INFO] (FabricLoader/Mixin/audit) Force-loading class net.minecraft.client.renderer.entity.EndCrystalRenderer
[19:37:38] [Render thread/DEBUG] (FabricLoader/Mixin) Mixing EndCrystalEntityRendererMixin from meteor-client.mixins.json into net.minecraft.client.renderer.entity.EndCrystalRenderer
[19:37:38] [Render thread/DEBUG] (FabricLoader/Mixin) meteor-client.mixins.json:EndCrystalEntityRendererMixin from mod meteor-client->@Inject::onInit(Lorg/spongepowered/asm/mixin/injection/callback/CallbackInfo;)V doesn't use it's CallbackInfo
[19:37:38] [Render thread/DEBUG] (FabricLoader/Mixin) meteor-client.mixins.json:EndCrystalEntityRendererMixin from mod meteor-client->@Inject::onInit(Lorg/spongepowered/asm/mixin/injection/callback/CallbackInfo;)V has 0 override(s) in child classes
[19:37:38] [Render thread/DEBUG] (FabricLoader/Mixin) meteor-client.mixins.json:EndCrystalEntityRendererMixin from mod meteor-client->@Inject::onInit(Lorg/spongepowered/asm/mixin/injection/callback/CallbackInfo;)V won't be passed a CallbackInfo as a result
[19:37:38] [Render thread/DEBUG] (FabricLoader/Mixin) meteor-client.mixins.json:EndCrystalEntityRendererMixin from mod meteor-client->@Inject::render$renderLayer(Lnet/minecraft/client/renderer/entity/state/EndCrystalRenderState;Lcom/mojang/blaze3d/vertex/PoseStack;Lnet/minecraft/client/renderer/SubmitNodeCollector;Lnet/minecraft/client/renderer/state/CameraRenderState;Lorg/spongepowered/asm/mixin/injection/callback/CallbackInfo;)V doesn't use it's CallbackInfo
[19:37:38] [Render thread/DEBUG] (FabricLoader/Mixin) meteor-client.mixins.json:EndCrystalEntityRendererMixin from mod meteor-client->@Inject::render$renderLayer(Lnet/minecraft/client/renderer/entity/state/EndCrystalRenderState;Lcom/mojang/blaze3d/vertex/PoseStack;Lnet/minecraft/client/renderer/SubmitNodeCollector;Lnet/minecraft/client/renderer/state/CameraRenderState;Lorg/spongepowered/asm/mixin/injection/callback/CallbackInfo;)V has 0 override(s) in child classes
[19:37:38] [Render thread/DEBUG] (FabricLoader/Mixin) meteor-client.mixins.json:EndCrystalEntityRendererMixin from mod meteor-client->@Inject::render$renderLayer(Lnet/minecraft/client/renderer/entity/state/EndCrystalRenderState;Lcom/mojang/blaze3d/vertex/PoseStack;Lnet/minecraft/client/renderer/SubmitNodeCollector;Lnet/minecraft/client/renderer/state/CameraRenderState;Lorg/spongepowered/asm/mixin/injection/callback/CallbackInfo;)V won't be passed a CallbackInfo as a result
[19:37:38] [Render thread/DEBUG] (FabricLoader/Mixin) meteor-client.mixins.json:EndCrystalEntityRendererMixin from mod meteor-client->@Inject::render$scale(Lnet/minecraft/client/renderer/entity/state/EndCrystalRenderState;Lcom/mojang/blaze3d/vertex/PoseStack;Lnet/minecraft/client/renderer/SubmitNodeCollector;Lnet/minecraft/client/renderer/state/CameraRenderState;Lorg/spongepowered/asm/mixin/injection/callback/CallbackInfo;)V doesn't use it's CallbackInfo
[19:37:38] [Render thread/DEBUG] (FabricLoader/Mixin) meteor-client.mixins.json:EndCrystalEntityRendererMixin from mod meteor-client->@Inject::render$scale(Lnet/minecraft/client/renderer/entity/state/EndCrystalRenderState;Lcom/mojang/blaze3d/vertex/PoseStack;Lnet/minecraft/client/renderer/SubmitNodeCollector;Lnet/minecraft/client/renderer/state/CameraRenderState;Lorg/spongepowered/asm/mixin/injection/callback/CallbackInfo;)V has 0 override(s) in child classes
[19:37:38] [Render thread/DEBUG] (FabricLoader/Mixin) meteor-client.mixins.json:EndCrystalEntityRendererMixin from mod meteor-client->@Inject::render$scale(Lnet/minecraft/client/renderer/entity/state/EndCrystalRenderState;Lcom/mojang/blaze3d/vertex/PoseStack;Lnet/minecraft/client/renderer/SubmitNodeCollector;Lnet/minecraft/client/renderer/state/CameraRenderState;Lorg/spongepowered/asm/mixin/injection/callback/CallbackInfo;)V won't be passed a CallbackInfo as a result
[19:37:38] [Render thread/INFO] (FabricLoader/Mixin/audit) Force-loading class net.minecraft.client.player.KeyboardInput
[19:37:38] [Render thread/DEBUG] (FabricLoader/Mixin) Mixing KeyboardInputMixin from meteor-client.mixins.json into net.minecraft.client.player.KeyboardInput
[19:37:38] [Render thread/DEBUG] (FabricLoader/Mixin) meteor-client.mixins.json:KeyboardInputMixin from mod meteor-client->@Inject::isPressed(Lorg/spongepowered/asm/mixin/injection/callback/CallbackInfo;)V doesn't use it's CallbackInfo
[19:37:38] [Render thread/DEBUG] (FabricLoader/Mixin) meteor-client.mixins.json:KeyboardInputMixin from mod meteor-client->@Inject::isPressed(Lorg/spongepowered/asm/mixin/injection/callback/CallbackInfo;)V has 0 override(s) in child classes
[19:37:38] [Render thread/DEBUG] (FabricLoader/Mixin) meteor-client.mixins.json:KeyboardInputMixin from mod meteor-client->@Inject::isPressed(Lorg/spongepowered/asm/mixin/injection/callback/CallbackInfo;)V won't be passed a CallbackInfo as a result
[19:37:38] [Render thread/INFO] (FabricLoader/Mixin/audit) Force-loading class net.minecraft.client.multiplayer.ClientPacketListener
[19:37:38] [Render thread/DEBUG] (FabricLoader/Mixin) Mixing ClientPlayNetworkHandlerAccessor from meteor-client.mixins.json into net.minecraft.client.multiplayer.ClientPacketListener
[19:37:38] [Render thread/DEBUG] (FabricLoader/Mixin) Renaming @Accessor method meteor$getCommandNodeFactory()Lnet/minecraft/network/protocol/game/ClientboundCommandsPacket$NodeBuilder; to meteor$getCommandNodeFactory$meteor-client_$md$f8f435$0 in meteor-client.mixins.json:ClientPlayNetworkHandlerAccessor from mod meteor-client
[19:37:38] [Render thread/DEBUG] (FabricLoader/Mixin) Mixing ClientPlayNetworkHandlerMixin from meteor-client.mixins.json into net.minecraft.client.multiplayer.ClientPacketListener
[19:37:38] [Render thread/DEBUG] (FabricLoader/Mixin) meteor-client.mixins.json:ClientPlayNetworkHandlerMixin from mod meteor-client->@Inject::onEntitySpawn(Lnet/minecraft/network/protocol/game/ClientboundAddEntityPacket;Lorg/spongepowered/asm/mixin/injection/callback/CallbackInfo;)V does use it's CallbackInfo
[19:37:38] [Render thread/DEBUG] (FabricLoader/Mixin) meteor-client.mixins.json:ClientPlayNetworkHandlerMixin from mod meteor-client->@Inject::onGameJoinHead(Lnet/minecraft/network/protocol/game/ClientboundLoginPacket;Lorg/spongepowered/asm/mixin/injection/callback/CallbackInfo;)V doesn't use it's CallbackInfo
[19:37:38] [Render thread/DEBUG] (FabricLoader/Mixin) meteor-client.mixins.json:ClientPlayNetworkHandlerMixin from mod meteor-client->@Inject::onGameJoinHead(Lnet/minecraft/network/protocol/game/ClientboundLoginPacket;Lorg/spongepowered/asm/mixin/injection/callback/CallbackInfo;)V has 0 override(s) in child classes
[19:37:38] [Render thread/DEBUG] (FabricLoader/Mixin) meteor-client.mixins.json:ClientPlayNetworkHandlerMixin from mod meteor-client->@Inject::onGameJoinHead(Lnet/minecraft/network/protocol/game/ClientboundLoginPacket;Lorg/spongepowered/asm/mixin/injection/callback/CallbackInfo;)V won't be passed a CallbackInfo as a result
[19:37:38] [Render thread/DEBUG] (FabricLoader/Mixin) meteor-client.mixins.json:ClientPlayNetworkHandlerMixin from mod meteor-client->@Inject::onGameJoinTail(Lnet/minecraft/network/protocol/game/ClientboundLoginPacket;Lorg/spongepowered/asm/mixin/injection/callback/CallbackInfo;)V doesn't use it's CallbackInfo
[19:37:38] [Render thread/DEBUG] (FabricLoader/Mixin) meteor-client.mixins.json:ClientPlayNetworkHandlerMixin from mod meteor-client->@Inject::onGameJoinTail(Lnet/minecraft/network/protocol/game/ClientboundLoginPacket;Lorg/spongepowered/asm/mixin/injection/callback/CallbackInfo;)V has 0 override(s) in child classes
[19:37:38] [Render thread/DEBUG] (FabricLoader/Mixin) meteor-client.mixins.json:ClientPlayNetworkHandlerMixin from mod meteor-client->@Inject::onGameJoinTail(Lnet/minecraft/network/protocol/game/ClientboundLoginPacket;Lorg/spongepowered/asm/mixin/injection/callback/CallbackInfo;)V won't be passed a CallbackInfo as a result
[19:37:38] [Render thread/DEBUG] (FabricLoader/Mixin) meteor-client.mixins.json:ClientPlayNetworkHandlerMixin from mod meteor-client->@Inject::onEnterReconfiguration(Lnet/minecraft/network/protocol/game/ClientboundStartConfigurationPacket;Lorg/spongepowered/asm/mixin/injection/callback/CallbackInfo;)V doesn't use it's CallbackInfo
[19:37:38] [Render thread/DEBUG] (FabricLoader/Mixin) meteor-client.mixins.json:ClientPlayNetworkHandlerMixin from mod meteor-client->@Inject::onEnterReconfiguration(Lnet/minecraft/network/protocol/game/ClientboundStartConfigurationPacket;Lorg/spongepowered/asm/mixin/injection/callback/CallbackInfo;)V has 0 override(s) in child classes
[19:37:38] [Render thread/DEBUG] (FabricLoader/Mixin) meteor-client.mixins.json:ClientPlayNetworkHandlerMixin from mod meteor-client->@Inject::onEnterReconfiguration(Lnet/minecraft/network/protocol/game/ClientboundStartConfigurationPacket;Lorg/spongepowered/asm/mixin/injection/callback/CallbackInfo;)V won't be passed a CallbackInfo as a result
[19:37:38] [Render thread/DEBUG] (FabricLoader/Mixin) meteor-client.mixins.json:ClientPlayNetworkHandlerMixin from mod meteor-client->@Inject::onPlaySound(Lnet/minecraft/network/protocol/game/ClientboundSoundPacket;Lorg/spongepowered/asm/mixin/injection/callback/CallbackInfo;)V doesn't use it's CallbackInfo
[19:37:38] [Render thread/DEBUG] (FabricLoader/Mixin) meteor-client.mixins.json:ClientPlayNetworkHandlerMixin from mod meteor-client->@Inject::onPlaySound(Lnet/minecraft/network/protocol/game/ClientboundSoundPacket;Lorg/spongepowered/asm/mixin/injection/callback/CallbackInfo;)V has 0 override(s) in child classes
[19:37:38] [Render thread/DEBUG] (FabricLoader/Mixin) meteor-client.mixins.json:ClientPlayNetworkHandlerMixin from mod meteor-client->@Inject::onPlaySound(Lnet/minecraft/network/protocol/game/ClientboundSoundPacket;Lorg/spongepowered/asm/mixin/injection/callback/CallbackInfo;)V won't be passed a CallbackInfo as a result
[19:37:38] [Render thread/DEBUG] (FabricLoader/Mixin) meteor-client.mixins.json:ClientPlayNetworkHandlerMixin from mod meteor-client->@Inject::onChunkData(Lnet/minecraft/network/protocol/game/ClientboundLevelChunkWithLightPacket;Lorg/spongepowered/asm/mixin/injection/callback/CallbackInfo;)V doesn't use it's CallbackInfo
[19:37:38] [Render thread/DEBUG] (FabricLoader/Mixin) meteor-client.mixins.json:ClientPlayNetworkHandlerMixin from mod meteor-client->@Inject::onChunkData(Lnet/minecraft/network/protocol/game/ClientboundLevelChunkWithLightPacket;Lorg/spongepowered/asm/mixin/injection/callback/CallbackInfo;)V has 0 override(s) in child classes
[19:37:38] [Render thread/DEBUG] (FabricLoader/Mixin) meteor-client.mixins.json:ClientPlayNetworkHandlerMixin from mod meteor-client->@Inject::onChunkData(Lnet/minecraft/network/protocol/game/ClientboundLevelChunkWithLightPacket;Lorg/spongepowered/asm/mixin/injection/callback/CallbackInfo;)V won't be passed a CallbackInfo as a result
[19:37:38] [Render thread/DEBUG] (FabricLoader/Mixin) meteor-client.mixins.json:ClientPlayNetworkHandlerMixin from mod meteor-client->@Inject::onContainerSlotUpdate(Lnet/minecraft/network/protocol/game/ClientboundContainerSetSlotPacket;Lorg/spongepowered/asm/mixin/injection/callback/CallbackInfo;)V doesn't use it's CallbackInfo
[19:37:38] [Render thread/DEBUG] (FabricLoader/Mixin) meteor-client.mixins.json:ClientPlayNetworkHandlerMixin from mod meteor-client->@Inject::onContainerSlotUpdate(Lnet/minecraft/network/protocol/game/ClientboundContainerSetSlotPacket;Lorg/spongepowered/asm/mixin/injection/callback/CallbackInfo;)V has 0 override(s) in child classes
[19:37:38] [Render thread/DEBUG] (FabricLoader/Mixin) meteor-client.mixins.json:ClientPlayNetworkHandlerMixin from mod meteor-client->@Inject::onContainerSlotUpdate(Lnet/minecraft/network/protocol/game/ClientboundContainerSetSlotPacket;Lorg/spongepowered/asm/mixin/injection/callback/CallbackInfo;)V won't be passed a CallbackInfo as a result
[19:37:38] [Render thread/DEBUG] (FabricLoader/Mixin) meteor-client.mixins.json:ClientPlayNetworkHandlerMixin from mod meteor-client->@Inject::onInventory(Lnet/minecraft/network/protocol/game/ClientboundContainerSetContentPacket;Lorg/spongepowered/asm/mixin/injection/callback/CallbackInfo;)V doesn't use it's CallbackInfo
[19:37:38] [Render thread/DEBUG] (FabricLoader/Mixin) meteor-client.mixins.json:ClientPlayNetworkHandlerMixin from mod meteor-client->@Inject::onInventory(Lnet/minecraft/network/protocol/game/ClientboundContainerSetContentPacket;Lorg/spongepowered/asm/mixin/injection/callback/CallbackInfo;)V has 0 override(s) in child classes
[19:37:38] [Render thread/DEBUG] (FabricLoader/Mixin) meteor-client.mixins.json:ClientPlayNetworkHandlerMixin from mod meteor-client->@Inject::onInventory(Lnet/minecraft/network/protocol/game/ClientboundContainerSetContentPacket;Lorg/spongepowered/asm/mixin/injection/callback/CallbackInfo;)V won't be passed a CallbackInfo as a result
[19:37:38] [Render thread/DEBUG] (FabricLoader/Mixin) meteor-client.mixins.json:ClientPlayNetworkHandlerMixin from mod meteor-client->@Inject::onEntitiesDestroy(Lnet/minecraft/network/protocol/game/ClientboundRemoveEntitiesPacket;Lorg/spongepowered/asm/mixin/injection/callback/CallbackInfo;)V doesn't use it's CallbackInfo
[19:37:38] [Render thread/DEBUG] (FabricLoader/Mixin) meteor-client.mixins.json:ClientPlayNetworkHandlerMixin from mod meteor-client->@Inject::onEntitiesDestroy(Lnet/minecraft/network/protocol/game/ClientboundRemoveEntitiesPacket;Lorg/spongepowered/asm/mixin/injection/callback/CallbackInfo;)V has 0 override(s) in child classes
[19:37:38] [Render thread/DEBUG] (FabricLoader/Mixin) meteor-client.mixins.json:ClientPlayNetworkHandlerMixin from mod meteor-client->@Inject::onEntitiesDestroy(Lnet/minecraft/network/protocol/game/ClientboundRemoveEntitiesPacket;Lorg/spongepowered/asm/mixin/injection/callback/CallbackInfo;)V won't be passed a CallbackInfo as a result
[19:37:38] [Render thread/DEBUG] (FabricLoader/Mixin) meteor-client.mixins.json:ClientPlayNetworkHandlerMixin from mod meteor-client->@Inject::onExplosionVelocity(Lnet/minecraft/network/protocol/game/ClientboundExplodePacket;Lorg/spongepowered/asm/mixin/injection/callback/CallbackInfo;)V doesn't use it's CallbackInfo
[19:37:38] [Render thread/DEBUG] (FabricLoader/Mixin) meteor-client.mixins.json:ClientPlayNetworkHandlerMixin from mod meteor-client->@Inject::onExplosionVelocity(Lnet/minecraft/network/protocol/game/ClientboundExplodePacket;Lorg/spongepowered/asm/mixin/injection/callback/CallbackInfo;)V has 0 override(s) in child classes
[19:37:38] [Render thread/DEBUG] (FabricLoader/Mixin) meteor-client.mixins.json:ClientPlayNetworkHandlerMixin from mod meteor-client->@Inject::onExplosionVelocity(Lnet/minecraft/network/protocol/game/ClientboundExplodePacket;Lorg/spongepowered/asm/mixin/injection/callback/CallbackInfo;)V won't be passed a CallbackInfo as a result
[19:37:38] [Render thread/DEBUG] (FabricLoader/Mixin) meteor-client.mixins.json:ClientPlayNetworkHandlerMixin from mod meteor-client->@Inject::onItemPickupAnimation(Lnet/minecraft/network/protocol/game/ClientboundTakeItemEntityPacket;Lorg/spongepowered/asm/mixin/injection/callback/CallbackInfo;)V doesn't use it's CallbackInfo
[19:37:38] [Render thread/DEBUG] (FabricLoader/Mixin) meteor-client.mixins.json:ClientPlayNetworkHandlerMixin from mod meteor-client->@Inject::onItemPickupAnimation(Lnet/minecraft/network/protocol/game/ClientboundTakeItemEntityPacket;Lorg/spongepowered/asm/mixin/injection/callback/CallbackInfo;)V has 0 override(s) in child classes
[19:37:38] [Render thread/DEBUG] (FabricLoader/Mixin) meteor-client.mixins.json:ClientPlayNetworkHandlerMixin from mod meteor-client->@Inject::onItemPickupAnimation(Lnet/minecraft/network/protocol/game/ClientboundTakeItemEntityPacket;Lorg/spongepowered/asm/mixin/injection/callback/CallbackInfo;)V won't be passed a CallbackInfo as a result
[19:37:38] [Render thread/DEBUG] (FabricLoader/Mixin) meteor-client.mixins.json:ClientPlayNetworkHandlerMixin from mod meteor-client->@Inject::onPlayerPositionLookHead(Lnet/minecraft/network/protocol/game/ClientboundPlayerPositionPacket;Lorg/spongepowered/asm/mixin/injection/callback/CallbackInfo;)V doesn't use it's CallbackInfo
[19:37:38] [Render thread/DEBUG] (FabricLoader/Mixin) meteor-client.mixins.json:ClientPlayNetworkHandlerMixin from mod meteor-client->@Inject::onPlayerPositionLookHead(Lnet/minecraft/network/protocol/game/ClientboundPlayerPositionPacket;Lorg/spongepowered/asm/mixin/injection/callback/CallbackInfo;)V has 0 override(s) in child classes
[19:37:38] [Render thread/DEBUG] (FabricLoader/Mixin) meteor-client.mixins.json:ClientPlayNetworkHandlerMixin from mod meteor-client->@Inject::onPlayerPositionLookHead(Lnet/minecraft/network/protocol/game/ClientboundPlayerPositionPacket;Lorg/spongepowered/asm/mixin/injection/callback/CallbackInfo;)V won't be passed a CallbackInfo as a result
[19:37:38] [Render thread/DEBUG] (FabricLoader/Mixin) meteor-client.mixins.json:ClientPlayNetworkHandlerMixin from mod meteor-client->@Inject::onPlayerPositionLookReturn(Lnet/minecraft/network/protocol/game/ClientboundPlayerPositionPacket;Lorg/spongepowered/asm/mixin/injection/callback/CallbackInfo;)V doesn't use it's CallbackInfo
[19:37:38] [Render thread/DEBUG] (FabricLoader/Mixin) meteor-client.mixins.json:ClientPlayNetworkHandlerMixin from mod meteor-client->@Inject::onPlayerPositionLookReturn(Lnet/minecraft/network/protocol/game/ClientboundPlayerPositionPacket;Lorg/spongepowered/asm/mixin/injection/callback/CallbackInfo;)V has 0 override(s) in child classes
[19:37:38] [Render thread/DEBUG] (FabricLoader/Mixin) meteor-client.mixins.json:ClientPlayNetworkHandlerMixin from mod meteor-client->@Inject::onPlayerPositionLookReturn(Lnet/minecraft/network/protocol/game/ClientboundPlayerPositionPacket;Lorg/spongepowered/asm/mixin/injection/callback/CallbackInfo;)V won't be passed a CallbackInfo as a result
[19:37:38] [Render thread/DEBUG] (FabricLoader/Mixin) meteor-client.mixins.json:ClientPlayNetworkHandlerMixin from mod meteor-client->@Inject::onSendChatMessage(Ljava/lang/String;Lorg/spongepowered/asm/mixin/injection/callback/CallbackInfo;)V does use it's CallbackInfo
[19:37:38] [Render thread/INFO] (FabricLoader/Mixin/audit) Force-loading class net.minecraft.client.renderer.SkyRenderer
[19:37:38] [Render thread/DEBUG] (FabricLoader/Mixin) Mixing SkyRenderingMixin from meteor-client.mixins.json into net.minecraft.client.renderer.SkyRenderer
[19:37:38] [Render thread/DEBUG] (FabricLoader/Mixin) meteor-client.mixins.json:SkyRenderingMixin from mod meteor-client->@Inject::updateRenderState(Lnet/minecraft/client/multiplayer/ClientLevel;FLnet/minecraft/client/Camera;Lnet/minecraft/client/renderer/state/SkyRenderState;Lorg/spongepowered/asm/mixin/injection/callback/CallbackInfo;)V doesn't use it's CallbackInfo
[19:37:38] [Render thread/DEBUG] (FabricLoader/Mixin) meteor-client.mixins.json:SkyRenderingMixin from mod meteor-client->@Inject::updateRenderState(Lnet/minecraft/client/multiplayer/ClientLevel;FLnet/minecraft/client/Camera;Lnet/minecraft/client/renderer/state/SkyRenderState;Lorg/spongepowered/asm/mixin/injection/callback/CallbackInfo;)V has 0 override(s) in child classes
[19:37:38] [Render thread/DEBUG] (FabricLoader/Mixin) meteor-client.mixins.json:SkyRenderingMixin from mod meteor-client->@Inject::updateRenderState(Lnet/minecraft/client/multiplayer/ClientLevel;FLnet/minecraft/client/Camera;Lnet/minecraft/client/renderer/state/SkyRenderState;Lorg/spongepowered/asm/mixin/injection/callback/CallbackInfo;)V won't be passed a CallbackInfo as a result
[19:37:38] [Render thread/INFO] (FabricLoader/Mixin/audit) Force-loading class net.minecraft.client.gui.screens.DisconnectedScreen
[19:37:38] [Render thread/DEBUG] (FabricLoader/Mixin) Mixing DisconnectedScreenMixin from meteor-client.mixins.json into net.minecraft.client.gui.screens.DisconnectedScreen
[19:37:38] [Render thread/DEBUG] (FabricLoader/Mixin) Renaming synthetic method lambda$addButtons$1(Lmeteordevelopment/meteorclient/systems/modules/misc/AutoReconnect;Lnet/minecraft/client/gui/components/Button;)V to mdf8f435$meteor-client$lambda$addButtons$1$0 in meteor-client.mixins.json:DisconnectedScreenMixin from mod meteor-client
[19:37:38] [Render thread/DEBUG] (FabricLoader/Mixin) Renaming synthetic method lambda$addButtons$0(Lnet/minecraft/client/gui/components/Button;)V to mdf8f435$meteor-client$lambda$addButtons$0$1 in meteor-client.mixins.json:DisconnectedScreenMixin from mod meteor-client
[19:37:38] [Render thread/DEBUG] (FabricLoader/Mixin) meteor-client.mixins.json:DisconnectedScreenMixin from mod meteor-client->@Inject::addButtons(Lorg/spongepowered/asm/mixin/injection/callback/CallbackInfo;)V doesn't use it's CallbackInfo
[19:37:38] [Render thread/DEBUG] (FabricLoader/Mixin) meteor-client.mixins.json:DisconnectedScreenMixin from mod meteor-client->@Inject::addButtons(Lorg/spongepowered/asm/mixin/injection/callback/CallbackInfo;)V has 0 override(s) in child classes
[19:37:38] [Render thread/DEBUG] (FabricLoader/Mixin) meteor-client.mixins.json:DisconnectedScreenMixin from mod meteor-client->@Inject::addButtons(Lorg/spongepowered/asm/mixin/injection/callback/CallbackInfo;)V won't be passed a CallbackInfo as a result
[19:37:38] [Render thread/INFO] (FabricLoader/Mixin/audit) Force-loading class net.minecraft.client.renderer.entity.ArmorStandRenderer
[19:37:38] [Render thread/DEBUG] (FabricLoader/Mixin) Mixing ArmorStandEntityRendererMixin from meteor-client.mixins.json into net.minecraft.client.renderer.entity.ArmorStandRenderer
[19:37:38] [Render thread/INFO] (FabricLoader/Mixin/audit) Force-loading class net.minecraft.client.renderer.entity.layers.WingsLayer
[19:37:38] [Render thread/DEBUG] (FabricLoader/Mixin) Mixing ElytraFeatureRendererMixin from meteor-client.mixins.json into net.minecraft.client.renderer.entity.layers.WingsLayer
[19:37:38] [Render thread/INFO] (FabricLoader/Mixin/audit) Force-loading class net.minecraft.world.level.ClipContext
[19:37:38] [Render thread/DEBUG] (FabricLoader/Mixin) Mixing RaycastContextMixin from meteor-client.mixins.json into net.minecraft.world.level.ClipContext
[19:37:38] [Render thread/INFO] (FabricLoader/Mixin/audit) Force-loading class net.minecraft.world.level.border.WorldBorder
[19:37:38] [Render thread/DEBUG] (FabricLoader/Mixin) Mixing WorldBorderMixin from meteor-client.mixins.json into net.minecraft.world.level.border.WorldBorder
[19:37:38] [Render thread/DEBUG] (FabricLoader/Mixin) meteor-client.mixins.json:WorldBorderMixin from mod meteor-client->@Inject::canCollide(Lorg/spongepowered/asm/mixin/injection/callback/CallbackInfoReturnable;)V does use it's CallbackInfoReturnable
[19:37:38] [Render thread/DEBUG] (FabricLoader/Mixin) meteor-client.mixins.json:WorldBorderMixin from mod meteor-client->@Inject::contains(Lorg/spongepowered/asm/mixin/injection/callback/CallbackInfoReturnable;)V does use it's CallbackInfoReturnable
[19:37:38] [Render thread/INFO] (FabricLoader/Mixin/audit) Force-loading class net.minecraft.client.renderer.debug.EntityHitboxDebugRenderer
[19:37:38] [Render thread/DEBUG] (FabricLoader/Mixin) Mixing EntityHitboxDebugRendererMixin from meteor-client.mixins.json into net.minecraft.client.renderer.debug.EntityHitboxDebugRenderer
[19:37:38] [Render thread/INFO] (FabricLoader/Mixin/audit) Force-loading class net.minecraft.client.renderer.debug.ChunkBorderRenderer
[19:37:38] [Render thread/DEBUG] (FabricLoader/Mixin) Mixing ChunkBorderDebugRendererMixin from meteor-client.mixins.json into net.minecraft.client.renderer.debug.ChunkBorderRenderer
[19:37:38] [Render thread/INFO] (FabricLoader/Mixin/audit) Force-loading class net.minecraft.world.level.entity.EntitySection
[19:37:38] [Render thread/DEBUG] (FabricLoader/Mixin) Mixing EntityTrackingSectionAccessor from meteor-client.mixins.json into net.minecraft.world.level.entity.EntitySection
[19:37:38] [Render thread/INFO] (FabricLoader/Mixin/audit) Force-loading class net.minecraft.world.level.BlockCollisions
[19:37:38] [Render thread/DEBUG] (FabricLoader/Mixin) Mixing BlockCollisionSpliteratorMixin from meteor-client.mixins.json into net.minecraft.world.level.BlockCollisions
[19:37:38] [Render thread/INFO] (FabricLoader/Mixin/audit) Force-loading class net.minecraft.client.GuiMessage
[19:37:38] [Render thread/DEBUG] (FabricLoader/Mixin) Mixing ChatHudLineMixin from meteor-client.mixins.json into net.minecraft.client.GuiMessage
[19:37:38] [Render thread/INFO] (FabricLoader/Mixin/audit) Force-loading class net.minecraft.client.model.object.crystal.EndCrystalModel
[19:37:38] [Render thread/INFO] (FabricLoader/Mixin/audit) Force-loading class net.minecraft.client.renderer.block.LiquidBlockRenderer
[19:37:38] [Render thread/DEBUG] (FabricLoader/Mixin) Mixing FluidRendererMixin from meteor-client.mixins.json into net.minecraft.client.renderer.block.LiquidBlockRenderer
[19:37:38] [Render thread/DEBUG] (FabricLoader/Mixin) Renaming synthetic method lambda$new$0()Ljava/lang/Boolean; to mdf8f435$meteor-client$lambda$new$0$0 in meteor-client.mixins.json:FluidRendererMixin from mod meteor-client
[19:37:38] [Render thread/DEBUG] (FabricLoader/Mixin) meteor-client.mixins.json:FluidRendererMixin from mod meteor-client->@Inject::onRender(Lnet/minecraft/world/level/BlockAndTintGetter;Lnet/minecraft/core/BlockPos;Lcom/mojang/blaze3d/vertex/VertexConsumer;Lnet/minecraft/world/level/block/state/BlockState;Lnet/minecraft/world/level/material/FluidState;Lorg/spongepowered/asm/mixin/injection/callback/CallbackInfo;)V does use it's CallbackInfo
[19:37:38] [Render thread/DEBUG] (FabricLoader/Mixin) meteor-client.mixins.json:FluidRendererMixin from mod meteor-client->@Inject::onVertex(Lcom/mojang/blaze3d/vertex/VertexConsumer;FFFFFFFFILorg/spongepowered/asm/mixin/injection/callback/CallbackInfo;)V does use it's CallbackInfo
[19:37:38] [Render thread/INFO] (FabricLoader/Mixin/audit) Force-loading class net.minecraft.client.gui.screens.worldselection.CreateWorldScreen
[19:37:38] [Render thread/DEBUG] (FabricLoader/Mixin) Mixing CreateWorldScreenMixin from fabric-resource-loader-v1.client.mixins.json into net.minecraft.client.gui.screens.worldselection.CreateWorldScreen
[19:37:38] [Render thread/DEBUG] (FabricLoader/Mixin) fabric-resource-loader-v1.client.mixins.json:CreateWorldScreenMixin from mod fabric-resource-loader-v1->@Inject::onScanPacks(Lorg/spongepowered/asm/mixin/injection/callback/CallbackInfoReturnable;)V doesn't use it's CallbackInfoReturnable
[19:37:38] [Render thread/DEBUG] (FabricLoader/Mixin) fabric-resource-loader-v1.client.mixins.json:CreateWorldScreenMixin from mod fabric-resource-loader-v1->@Inject::onScanPacks(Lorg/spongepowered/asm/mixin/injection/callback/CallbackInfoReturnable;)V has 0 override(s) in child classes
[19:37:38] [Render thread/DEBUG] (FabricLoader/Mixin) fabric-resource-loader-v1.client.mixins.json:CreateWorldScreenMixin from mod fabric-resource-loader-v1->@Inject::onScanPacks(Lorg/spongepowered/asm/mixin/injection/callback/CallbackInfoReturnable;)V won't be passed a CallbackInfoReturnable as a result
[19:37:38] [Render thread/INFO] (FabricLoader/Mixin/audit) Force-loading class net.minecraft.client.gui.screens.inventory.AbstractSignEditScreen
[19:37:38] [Render thread/DEBUG] (FabricLoader/Mixin) Mixing AbstractSignEditScreenAccessor from meteor-client.mixins.json into net.minecraft.client.gui.screens.inventory.AbstractSignEditScreen
[19:37:38] [Render thread/INFO] (FabricLoader/Mixin/audit) Force-loading class net.minecraft.client.gui.screens.inventory.CreativeModeInventoryScreen$SlotWrapper
[19:37:38] [Render thread/DEBUG] (FabricLoader/Mixin) Mixing CreativeSlotMixin from meteor-client.mixins.json into net.minecraft.client.gui.screens.inventory.CreativeModeInventoryScreen$SlotWrapper
[19:37:38] [Render thread/INFO] (FabricLoader/Mixin/audit) Force-loading class net.minecraft.client.gui.components.CommandSuggestions
[19:37:38] [Render thread/DEBUG] (FabricLoader/Mixin) Mixing ChatInputSuggestorMixin from meteor-client.mixins.json into net.minecraft.client.gui.components.CommandSuggestions
[19:37:38] [Render thread/DEBUG] (FabricLoader/Mixin) Renaming synthetic method lambda$onRefresh$0()V to mdf8f435$meteor-client$lambda$onRefresh$0$0 in meteor-client.mixins.json:ChatInputSuggestorMixin from mod meteor-client
[19:37:38] [Render thread/DEBUG] (FabricLoader/Mixin) meteor-client.mixins.json:ChatInputSuggestorMixin from mod meteor-client->@Inject::onRefresh(Lorg/spongepowered/asm/mixin/injection/callback/CallbackInfo;)V does use it's CallbackInfo
[19:37:38] [Render thread/INFO] (FabricLoader/Mixin/audit) Force-loading class net.minecraft.client.renderer.entity.layers.HumanoidArmorLayer
[19:37:38] [Render thread/DEBUG] (FabricLoader/Mixin) Mixing ArmorFeatureRendererMixin from meteor-client.mixins.json into net.minecraft.client.renderer.entity.layers.HumanoidArmorLayer
[19:37:38] [Render thread/DEBUG] (FabricLoader/Mixin) meteor-client.mixins.json:ArmorFeatureRendererMixin from mod meteor-client->@Inject::onRender(Lcom/mojang/blaze3d/vertex/PoseStack;Lnet/minecraft/client/renderer/SubmitNodeCollector;ILnet/minecraft/client/renderer/entity/state/HumanoidRenderState;FFLorg/spongepowered/asm/mixin/injection/callback/CallbackInfo;)V does use it's CallbackInfo
[19:37:38] [Render thread/INFO] (FabricLoader/Mixin/audit) Force-loading class net.minecraft.server.dedicated.DedicatedServerProperties
[19:37:38] [Render thread/DEBUG] (FabricLoader/Mixin) Mixing DedicatedServerPropertiesMixin from fabric-resource-loader-v1.mixins.json into net.minecraft.server.dedicated.DedicatedServerProperties
[19:37:38] [Render thread/INFO] (FabricLoader/Mixin/audit) Force-loading class net.minecraft.client.renderer.blockentity.EnchantTableRenderer
[19:37:38] [Render thread/DEBUG] (FabricLoader/Mixin) Mixing EnchantingTableBlockEntityRendererMixin from meteor-client.mixins.json into net.minecraft.client.renderer.blockentity.EnchantTableRenderer
[19:37:38] [Render thread/INFO] (FabricLoader/Mixin/audit) Force-loading class net.minecraft.client.gui.screens.inventory.AbstractFurnaceScreen
[19:37:38] [Render thread/DEBUG] (FabricLoader/Mixin) Mixing AbstractFurnaceScreenMixin from meteor-client.mixins.json into net.minecraft.client.gui.screens.inventory.AbstractFurnaceScreen
[19:37:38] [Render thread/INFO] (FabricLoader/Mixin/audit) Force-loading class net.minecraft.server.ServerFunctionLibrary
[19:37:38] [Render thread/DEBUG] (FabricLoader/Mixin) Mixing KeyedResourceReloaderMixin from fabric-resource-loader-v1.mixins.json into net.minecraft.server.ServerFunctionLibrary
[19:37:38] [Render thread/INFO] (FabricLoader/Mixin/audit) Force-loading class net.minecraft.server.network.ServerConfigurationPacketListenerImpl
[19:37:38] [Render thread/DEBUG] (FabricLoader/Mixin) Mixing ServerConfigurationPacketListenerImplMixin from fabric-resource-loader-v1.mixins.json into net.minecraft.server.network.ServerConfigurationPacketListenerImpl
[19:37:38] [Render thread/INFO] (FabricLoader/Mixin/audit) Force-loading class net.minecraft.client.gui.screens.inventory.tooltip.ClientTooltipComponent
[19:37:38] [Render thread/DEBUG] (FabricLoader/Mixin) Mixing TooltipComponentMixin from meteor-client.mixins.json into net.minecraft.client.gui.screens.inventory.tooltip.ClientTooltipComponent
[19:37:38] [Render thread/DEBUG] (FabricLoader/Mixin) Mixing ClientTooltipComponentMixin from fabric-resource-loader-v1.client.mixins.json into net.minecraft.client.gui.screens.inventory.tooltip.ClientTooltipComponent
[19:37:38] [Render thread/DEBUG] (FabricLoader/Mixin) meteor-client.mixins.json:TooltipComponentMixin from mod meteor-client->@Inject::shortcutMeteorTooltipData(Lnet/minecraft/world/inventory/tooltip/TooltipComponent;Lorg/spongepowered/asm/mixin/injection/callback/CallbackInfoReturnable;)V does use it's CallbackInfoReturnable
[19:37:38] [Render thread/DEBUG] (FabricLoader/Mixin) fabric-resource-loader-v1.client.mixins.json:ClientTooltipComponentMixin from mod fabric-resource-loader-v1->@Inject::onCreate(Lnet/minecraft/world/inventory/tooltip/TooltipComponent;Lorg/spongepowered/asm/mixin/injection/callback/CallbackInfoReturnable;)V does use it's CallbackInfoReturnable
[19:37:38] [Render thread/INFO] (FabricLoader/Mixin/audit) Force-loading class net.minecraft.world.level.entity.EntitySectionStorage
[19:37:38] [Render thread/DEBUG] (FabricLoader/Mixin) Mixing SectionedEntityCacheAccessor from meteor-client.mixins.json into net.minecraft.world.level.entity.EntitySectionStorage
[19:37:38] [Render thread/INFO] (Meteor Client) Initializing Meteor Client
[19:37:38] [Render thread/INFO] (org.reflections.Reflections) Reflections took 280 ms to scan 1 urls, producing 27 keys and 1019 values
[19:37:38] [Render thread/INFO] (org.reflections.Reflections) Reflections took 11 ms to scan 1 urls, producing 1 keys and 6 values
[19:37:39] [Render thread/INFO] (Meteor Client) Found 69 font families.
[19:37:39] [Render thread/INFO] (Meteor Client) Path Manager: none
[19:37:39] [Render thread/DEBUG] (io.netty.util.internal.InternalThreadLocalMap) -Dio.netty.threadLocalMap.stringBuilder.initialSize: 1024
[19:37:39] [Render thread/DEBUG] (io.netty.util.internal.InternalThreadLocalMap) -Dio.netty.threadLocalMap.stringBuilder.maxSize: 4096
[19:37:39] [Render thread/DEBUG] (io.netty.util.internal.ThreadLocalRandom) -Dio.netty.initialSeedUniquifier: 0x855b97d99c1a3123
[19:37:39] [Render thread/INFO] (New) New addon initializing...
[19:37:39] [Render thread/INFO] (Meteor Client) Loading
[19:37:39] [Render thread/INFO] (Meteor Client) Loaded in 12 milliseconds
[19:37:39] [Render thread/INFO] (com.mojang.blaze3d.audio.Library) OpenAL initialized on device OpenAL Soft on Voicemeeter Input (VB-Audio Voicemeeter VAIO)
[19:37:39] [Render thread/INFO] (net.minecraft.client.sounds.SoundEngine) Sound engine started
[19:37:39] [Render thread/INFO] (net.minecraft.client.renderer.texture.TextureAtlas) Created: 512x256x0 minecraft:textures/atlas/particles.png-atlas
[19:37:39] [Render thread/INFO] (net.minecraft.client.renderer.texture.TextureAtlas) Created: 128x128x0 minecraft:textures/atlas/decorated_pot.png-atlas
[19:37:39] [Render thread/INFO] (net.minecraft.client.renderer.texture.TextureAtlas) Created: 2048x1024x0 minecraft:textures/atlas/armor_trims.png-atlas
[19:37:39] [Render thread/INFO] (net.minecraft.client.renderer.texture.TextureAtlas) Created: 512x256x0 minecraft:textures/atlas/paintings.png-atlas
[19:37:39] [Render thread/INFO] (net.minecraft.client.renderer.texture.TextureAtlas) Created: 1024x512x0 minecraft:textures/atlas/shield_patterns.png-atlas
[19:37:39] [Render thread/INFO] (net.minecraft.client.renderer.texture.TextureAtlas) Created: 2048x2048x4 minecraft:textures/atlas/blocks.png-atlas
[19:37:39] [Render thread/INFO] (net.minecraft.client.renderer.texture.TextureAtlas) Created: 512x512x0 minecraft:textures/atlas/chest.png-atlas
[19:37:39] [Render thread/INFO] (net.minecraft.client.renderer.texture.TextureAtlas) Created: 256x128x0 minecraft:textures/atlas/celestials.png-atlas
[19:37:39] [Render thread/INFO] (net.minecraft.client.renderer.texture.TextureAtlas) Created: 1024x512x0 minecraft:textures/atlas/banner_patterns.png-atlas
[19:37:39] [Render thread/INFO] (net.minecraft.client.renderer.texture.TextureAtlas) Created: 512x512x0 minecraft:textures/atlas/beds.png-atlas
[19:37:39] [Render thread/INFO] (net.minecraft.client.renderer.texture.TextureAtlas) Created: 1024x512x0 minecraft:textures/atlas/items.png-atlas
[19:37:39] [Render thread/INFO] (net.minecraft.client.renderer.texture.TextureAtlas) Created: 1024x1024x0 minecraft:textures/atlas/gui.png-atlas
[19:37:39] [Render thread/INFO] (net.minecraft.client.renderer.texture.TextureAtlas) Created: 128x64x0 minecraft:textures/atlas/map_decorations.png-atlas
[19:37:39] [Render thread/INFO] (net.minecraft.client.renderer.texture.TextureAtlas) Created: 512x256x0 minecraft:textures/atlas/signs.png-atlas
[19:37:39] [Render thread/INFO] (net.minecraft.client.renderer.texture.TextureAtlas) Created: 512x512x0 minecraft:textures/atlas/shulker_boxes.png-atlas
[19:37:40] [Render thread/DEBUG] (com.mojang.blaze3d.systems.RenderSystem) Growing IndexBuffer: Old limit 0, new limit 60.
[19:37:41] [Render thread/DEBUG] (com.mojang.blaze3d.systems.RenderSystem) Growing IndexBuffer: Old limit 60, new limit 1968.
[19:37:46] [IO-Worker-1/INFO] (com.mojang.realmsclient.client.RealmsClient) Could not authorize you against Realms server: java.lang.RuntimeException: Failed to parse into SignedJWT: FabricMC
[19:37:46] [IO-Worker-1/ERROR] (com.mojang.realmsclient.RealmsAvailability) Couldn't connect to realms
com.mojang.realmsclient.exception.RealmsServiceException: Realms authentication error with message 'java.lang.RuntimeException: Failed to parse into SignedJWT: FabricMC'
	at knot//com.mojang.realmsclient.client.RealmsClient.execute(RealmsClient.java:526)
	at knot//com.mojang.realmsclient.client.RealmsClient.clientCompatible(RealmsClient.java:307)
	at knot//com.mojang.realmsclient.RealmsAvailability.method_52627(RealmsAvailability.java:48)
	at java.base/java.util.concurrent.CompletableFuture$AsyncSupply.run(CompletableFuture.java:1768)
	at java.base/java.util.concurrent.ThreadPoolExecutor.runWorker(ThreadPoolExecutor.java:1144)
	at java.base/java.util.concurrent.ThreadPoolExecutor$Worker.run(ThreadPoolExecutor.java:642)
	at java.base/java.lang.Thread.run(Thread.java:1583)
[19:37:48] [Render thread/DEBUG] (com.mojang.blaze3d.systems.RenderSystem) Growing IndexBuffer: Old limit 1968, new limit 4704.
[19:37:51] [Render thread/DEBUG] (com.mojang.blaze3d.platform.ScreenManager) Selecting monitor - primary: 2883737524800, current monitors: {2883737530432=Monitor[2883737530432 1920x0 1920x1080@60 (24bit)], 2883737524800=Monitor[2883737524800 0x0 1920x1080@60 (24bit)]}
[19:37:51] [Render thread/DEBUG] (com.mojang.blaze3d.platform.ScreenManager) Selected monitor: Monitor[2883737524800 0x0 1920x1080@60 (24bit)]
[19:38:39] [Render thread/DEBUG] (com.mojang.blaze3d.platform.ScreenManager) Selecting monitor - primary: 2883737524800, current monitors: {2883737530432=Monitor[2883737530432 1920x0 1920x1080@60 (24bit)], 2883737524800=Monitor[2883737524800 0x0 1920x1080@60 (24bit)]}
[19:38:39] [Render thread/DEBUG] (com.mojang.blaze3d.platform.ScreenManager) Selected monitor: Monitor[2883737524800 0x0 1920x1080@60 (24bit)]
[19:38:44] [Render thread/DEBUG] (net.fabricmc.fabric.impl.resource.pack.ModPackResourcesUtil) [Fabric] Starting internal pack sorting with: []
[19:38:44] [Render thread/DEBUG] (net.fabricmc.fabric.impl.resource.pack.ModPackResourcesUtil) [Fabric] Removed all internal packs, result: []
[19:38:44] [Render thread/DEBUG] (net.fabricmc.fabric.impl.resource.pack.ModPackResourcesUtil) [Fabric] Final sorting result: []
[19:38:44] [Render thread/DEBUG] (net.fabricmc.fabric.impl.resource.pack.ModPackResourcesUtil) [Fabric] Starting internal pack sorting with: [vanilla]
[19:38:44] [Render thread/DEBUG] (net.fabricmc.fabric.impl.resource.pack.ModPackResourcesUtil) [Fabric] Removed all internal packs, result: [vanilla]
[19:38:44] [Render thread/DEBUG] (net.fabricmc.fabric.impl.resource.pack.ModPackResourcesUtil) [Fabric] Final sorting result: [vanilla]
[19:38:44] [Render thread/INFO] (net.minecraft.world.item.crafting.RecipeManager) Loaded 1470 recipes
[19:38:45] [Render thread/INFO] (net.minecraft.advancements.AdvancementTree) Loaded 1584 advancements
[19:38:55] [Render thread/DEBUG] (net.fabricmc.fabric.impl.resource.pack.ModPackResourcesUtil) [Fabric] Starting internal pack sorting with: []
[19:38:55] [Render thread/DEBUG] (net.fabricmc.fabric.impl.resource.pack.ModPackResourcesUtil) [Fabric] Removed all internal packs, result: []
[19:38:55] [Render thread/DEBUG] (net.fabricmc.fabric.impl.resource.pack.ModPackResourcesUtil) [Fabric] Final sorting result: []
[19:38:55] [Render thread/DEBUG] (net.fabricmc.fabric.impl.resource.pack.ModPackResourcesUtil) [Fabric] Starting internal pack sorting with: [vanilla]
[19:38:55] [Render thread/DEBUG] (net.fabricmc.fabric.impl.resource.pack.ModPackResourcesUtil) [Fabric] Removed all internal packs, result: [vanilla]
[19:38:55] [Render thread/DEBUG] (net.fabricmc.fabric.impl.resource.pack.ModPackResourcesUtil) [Fabric] Final sorting result: [vanilla]
[19:38:55] [Render thread/INFO] (net.minecraft.world.item.crafting.RecipeManager) Loaded 1470 recipes
[19:38:55] [Render thread/INFO] (net.minecraft.advancements.AdvancementTree) Loaded 1584 advancements
[19:38:57] [Render thread/DEBUG] (FabricLoader/Mixin) Generating mapped inner class net/minecraft/client/gui/screens/multiplayer/JoinMultiplayerScreen$Anonymous$42087fd0e4f630c7b97bf03a5c025bdd (originally meteordevelopment/meteorclient/mixin/MultiplayerScreenMixin$1)
[19:39:05] [IO-Worker-1/DEBUG] (com.mojang.authlib.minecraft.client.MinecraftClient) Connecting to https://api.minecraftservices.com/privacy/blocklist
[19:39:05] [Download-3/DEBUG] (com.mojang.authlib.minecraft.client.MinecraftClient) Connecting to https://api.minecraftservices.com/player/certificates
[19:39:05] [Render thread/INFO] (net.minecraft.client.gui.screens.ConnectScreen) Connecting to 10.148.101.192, 52270
[19:39:05] [Server Connector #1/DEBUG] (FabricLoader/Mixin) Generating mapped inner class net/minecraft/client/multiplayer/resolver/AddressCheck$Anonymous$04b23710ed38333b9a761fb5ab16d34d (originally meteordevelopment/meteorclient/mixin/BlockListCheckerMixin$1)
[19:39:05] [Server Connector #1/DEBUG] (io.netty.util.internal.PlatformDependent0) Java version: 21
[19:39:05] [Server Connector #1/DEBUG] (io.netty.util.internal.PlatformDependent0) -Dio.netty.noUnsafe: false
[19:39:05] [Server Connector #1/DEBUG] (io.netty.util.internal.PlatformDependent0) sun.misc.Unsafe.theUnsafe: available
[19:39:05] [Server Connector #1/DEBUG] (io.netty.util.internal.PlatformDependent0) sun.misc.Unsafe base methods: all available
[19:39:05] [Server Connector #1/DEBUG] (io.netty.util.internal.PlatformDependent0) java.nio.Buffer.address: available
[19:39:05] [Server Connector #1/DEBUG] (io.netty.util.internal.PlatformDependent0) direct buffer constructor: unavailable: Reflective setAccessible(true) disabled
[19:39:05] [Server Connector #1/DEBUG] (io.netty.util.internal.PlatformDependent0) java.nio.Bits.unaligned: available, true
[19:39:05] [Server Connector #1/DEBUG] (io.netty.util.internal.PlatformDependent0) jdk.internal.misc.Unsafe.allocateUninitializedArray(int): unavailable: symbolic reference class is not accessible: class jdk.internal.misc.Unsafe, from class io.netty.util.internal.PlatformDependent0 (unnamed module @41f69e84)
[19:39:05] [Server Connector #1/DEBUG] (io.netty.util.internal.PlatformDependent0) java.nio.DirectByteBuffer.<init>(long, {int,long}): unavailable
[19:39:05] [Server Connector #1/DEBUG] (io.netty.util.internal.PlatformDependent) sun.misc.Unsafe: available
[19:39:05] [Server Connector #1/DEBUG] (io.netty.util.internal.PlatformDependent) -Dio.netty.tmpdir: C:\Users\UTILIS~1\AppData\Local\Temp (java.io.tmpdir)
[19:39:05] [Server Connector #1/DEBUG] (io.netty.util.internal.PlatformDependent) -Dio.netty.bitMode: 64 (sun.arch.data.model)
[19:39:05] [Server Connector #1/DEBUG] (io.netty.util.internal.PlatformDependent) Platform: Windows
[19:39:05] [Server Connector #1/DEBUG] (io.netty.util.internal.PlatformDependent) -Dio.netty.maxDirectMemory: -1 bytes
[19:39:05] [Server Connector #1/DEBUG] (io.netty.util.internal.CleanerJava9) java.nio.ByteBuffer.cleaner(): available
[19:39:05] [Server Connector #1/DEBUG] (io.netty.util.internal.PlatformDependent) -Dio.netty.noPreferDirect: false
[19:39:05] [Server Connector #1/DEBUG] (io.netty.util.internal.PlatformDependent) -Dio.netty.jfr.enabled: true
[19:39:05] [Server Connector #1/DEBUG] (io.netty.channel.kqueue.KQueue) KQueue support is not available: null
[19:39:05] [Server Connector #1/DEBUG] (io.netty.channel.epoll.Epoll) Epoll support is not available: null
[19:39:05] [Server Connector #1/DEBUG] (io.netty.channel.MultithreadEventLoopGroup) -Dio.netty.eventLoopThreads: 64
[19:39:05] [Server Connector #1/DEBUG] (io.netty.channel.nio.NioIoHandler) -Dio.netty.noKeySetOptimization: false
[19:39:05] [Server Connector #1/DEBUG] (io.netty.channel.nio.NioIoHandler) -Dio.netty.selectorAutoRebuildThreshold: 512
[19:39:05] [Server Connector #1/DEBUG] (io.netty.util.concurrent.GlobalEventExecutor) -Dio.netty.globalEventExecutor.quietPeriodSeconds: 1
[19:39:05] [Server Connector #1/DEBUG] (io.netty.util.internal.PlatformDependent) org.jctools-core.MpscChunkedArrayQueue: available
[19:39:05] [Download-3/ERROR] (net.minecraft.client.multiplayer.AccountProfileKeyPairManager) Failed to retrieve profile key pair
com.mojang.authlib.exceptions.MinecraftClientHttpException: Status: 401
	at knot//com.mojang.authlib.minecraft.client.MinecraftClient.readInputStream(MinecraftClient.java:103)
	at knot//com.mojang.authlib.minecraft.client.MinecraftClient.post(MinecraftClient.java:64)
	at knot//com.mojang.authlib.yggdrasil.YggdrasilUserApiService.getKeyPair(YggdrasilUserApiService.java:61)
	at knot//net.minecraft.client.multiplayer.AccountProfileKeyPairManager.fetchProfileKeyPair(AccountProfileKeyPairManager.java:128)
	at knot//net.minecraft.client.multiplayer.AccountProfileKeyPairManager.method_44291(AccountProfileKeyPairManager.java:77)
	at java.base/java.util.concurrent.CompletableFuture$AsyncSupply.run(CompletableFuture.java:1768)
	at java.base/java.util.concurrent.ThreadPoolExecutor.runWorker(ThreadPoolExecutor.java:1144)
	at java.base/java.util.concurrent.ThreadPoolExecutor$Worker.run(ThreadPoolExecutor.java:642)
	at java.base/java.lang.Thread.run(Thread.java:1583)
[19:39:05] [Server Connector #1/DEBUG] (io.netty.channel.DefaultChannelId) -Dio.netty.processId: 25412 (auto-detected)
[19:39:05] [Server Connector #1/DEBUG] (io.netty.util.NetUtil) -Djava.net.preferIPv4Stack: false
[19:39:05] [Server Connector #1/DEBUG] (io.netty.util.NetUtil) -Djava.net.preferIPv6Addresses: false
[19:39:05] [Server Connector #1/DEBUG] (io.netty.util.NetUtilInitializations) Loopback interface: loopback_0 (Software Loopback Interface 1, 0:0:0:0:0:0:0:1)
[19:39:05] [Server Connector #1/DEBUG] (io.netty.util.NetUtil) Failed to get SOMAXCONN from sysctl and file \proc\sys\net\core\somaxconn. Default: 200
[19:39:05] [Server Connector #1/DEBUG] (io.netty.channel.DefaultChannelId) -Dio.netty.machineId: dc:56:7b:ff:fe:84:77:92 (auto-detected)
[19:39:05] [Server Connector #1/DEBUG] (io.netty.buffer.AdaptiveByteBufAllocator) -Dio.netty.allocator.useCachedMagazinesForNonEventLoopThreads: false
[19:39:05] [Server Connector #1/DEBUG] (io.netty.util.Recycler) -Dio.netty.recycler.maxCapacityPerThread: 4096
[19:39:05] [Server Connector #1/DEBUG] (io.netty.util.Recycler) -Dio.netty.recycler.ratio: 8
[19:39:05] [Server Connector #1/DEBUG] (io.netty.util.Recycler) -Dio.netty.recycler.chunkSize: 32
[19:39:05] [Server Connector #1/DEBUG] (io.netty.util.Recycler) -Dio.netty.recycler.blocking: false
[19:39:05] [Server Connector #1/DEBUG] (io.netty.util.Recycler) -Dio.netty.recycler.batchFastThreadLocalOnly: true
[19:39:05] [Server Connector #1/DEBUG] (io.netty.buffer.ByteBufUtil) -Dio.netty.allocator.type: adaptive
[19:39:05] [Server Connector #1/DEBUG] (io.netty.buffer.ByteBufUtil) -Dio.netty.threadLocalDirectBufferSize: 0
[19:39:05] [Server Connector #1/DEBUG] (io.netty.buffer.ByteBufUtil) -Dio.netty.maxThreadLocalCharBufferSize: 16384
[19:39:05] [Server Connector #1/DEBUG] (io.netty.bootstrap.ChannelInitializerExtensions) -Dio.netty.bootstrap.extensions: null
[19:39:05] [Netty NIO IO #0/DEBUG] (io.netty.buffer.AbstractByteBuf) -Dio.netty.buffer.checkAccessible: true
[19:39:05] [Netty NIO IO #0/DEBUG] (io.netty.buffer.AbstractByteBuf) -Dio.netty.buffer.checkBounds: true
[19:39:05] [Netty NIO IO #0/DEBUG] (io.netty.util.ResourceLeakDetectorFactory) Loaded default ResourceLeakDetector: io.netty.util.ResourceLeakDetector@f4f15b5
[19:39:05] [IO-Worker-1/DEBUG] (com.mojang.authlib.minecraft.client.MinecraftClient) Connecting to https://sessionserver.mojang.com/session/minecraft/join
[19:39:05] [IO-Worker-1/WARN] (net.minecraft.client.multiplayer.ClientHandshakePacketListenerImpl) Failed to log in: Invalid session (Try restarting your game and the launcher)
[19:39:06] [Render thread/DEBUG] (net.fabricmc.fabric.impl.resource.pack.ModPackResourcesUtil) [Fabric] Starting internal pack sorting with: []
[19:39:06] [Render thread/DEBUG] (net.fabricmc.fabric.impl.resource.pack.ModPackResourcesUtil) [Fabric] Removed all internal packs, result: []
[19:39:06] [Render thread/DEBUG] (net.fabricmc.fabric.impl.resource.pack.ModPackResourcesUtil) [Fabric] Final sorting result: []
[19:39:06] [Render thread/DEBUG] (net.fabricmc.fabric.impl.resource.pack.ModPackResourcesUtil) [Fabric] Starting internal pack sorting with: [vanilla]
[19:39:06] [Render thread/DEBUG] (net.fabricmc.fabric.impl.resource.pack.ModPackResourcesUtil) [Fabric] Removed all internal packs, result: [vanilla]
[19:39:06] [Render thread/DEBUG] (net.fabricmc.fabric.impl.resource.pack.ModPackResourcesUtil) [Fabric] Final sorting result: [vanilla]
[19:39:06] [Download-3/DEBUG] (com.mojang.authlib.minecraft.client.MinecraftClient) Connecting to https://api.minecraftservices.com/player/certificates
[19:39:06] [Render thread/INFO] (net.minecraft.advancements.AdvancementTree) Loaded 2 advancements
[19:39:06] [Render thread/INFO] (net.minecraft.client.renderer.DynamicUniformStorage) Resizing Dynamic Transforms UBO, capacity limit of 2 reached during a single frame. New capacity will be 4.
[19:39:06] [Download-3/ERROR] (net.minecraft.client.multiplayer.AccountProfileKeyPairManager) Failed to retrieve profile key pair
com.mojang.authlib.exceptions.MinecraftClientHttpException: Status: 401
	at knot//com.mojang.authlib.minecraft.client.MinecraftClient.readInputStream(MinecraftClient.java:103)
	at knot//com.mojang.authlib.minecraft.client.MinecraftClient.post(MinecraftClient.java:64)
	at knot//com.mojang.authlib.yggdrasil.YggdrasilUserApiService.getKeyPair(YggdrasilUserApiService.java:61)
	at knot//net.minecraft.client.multiplayer.AccountProfileKeyPairManager.fetchProfileKeyPair(AccountProfileKeyPairManager.java:128)
	at knot//net.minecraft.client.multiplayer.AccountProfileKeyPairManager.method_44291(AccountProfileKeyPairManager.java:77)
	at java.base/java.util.concurrent.CompletableFuture$AsyncSupply.run(CompletableFuture.java:1768)
	at java.base/java.util.concurrent.ThreadPoolExecutor.runWorker(ThreadPoolExecutor.java:1144)
	at java.base/java.util.concurrent.ThreadPoolExecutor$Worker.run(ThreadPoolExecutor.java:642)
	at java.base/java.lang.Thread.run(Thread.java:1583)
[19:39:06] [Render thread/INFO] (net.minecraft.client.renderer.DynamicUniformStorage) Resizing Dynamic Transforms UBO, capacity limit of 4 reached during a single frame. New capacity will be 8.
[19:39:06] [Render thread/INFO] (net.minecraft.client.renderer.DynamicUniformStorage) Resizing Chunk Sections UBO, capacity limit of 2 reached during a single frame. New capacity will be 8.
[19:39:06] [Render thread/INFO] (net.minecraft.client.renderer.DynamicUniformStorage) Resizing Chunk Sections UBO, capacity limit of 8 reached during a single frame. New capacity will be 16.
[19:39:06] [Render thread/INFO] (net.minecraft.client.renderer.DynamicUniformStorage) Resizing Chunk Sections UBO, capacity limit of 16 reached during a single frame. New capacity will be 32.
[19:39:06] [Render thread/DEBUG] (com.mojang.blaze3d.systems.RenderSystem) Growing IndexBuffer: Old limit 4704, new limit 10752.
[19:39:07] [Render thread/INFO] (net.minecraft.client.renderer.DynamicUniformStorage) Resizing Chunk Sections UBO, capacity limit of 32 reached during a single frame. New capacity will be 64.
[19:39:07] [Render thread/INFO] (net.minecraft.client.renderer.DynamicUniformStorage) Resizing Chunk Sections UBO, capacity limit of 64 reached during a single frame. New capacity will be 128.
[19:39:07] [Render thread/INFO] (net.minecraft.client.renderer.DynamicUniformStorage) Resizing Chunk Sections UBO, capacity limit of 128 reached during a single frame. New capacity will be 256.
[19:39:07] [Render thread/DEBUG] (com.mojang.blaze3d.systems.RenderSystem) Growing IndexBuffer: Old limit 10752, new limit 24372.
[19:39:08] [Render thread/INFO] (net.minecraft.client.renderer.DynamicUniformStorage) Resizing Chunk Sections UBO, capacity limit of 256 reached during a single frame. New capacity will be 512.
[19:39:15] [Render thread/INFO] (net.minecraft.client.gui.components.ChatComponent) [System] [CHAT] [Shamallow_: Set own game mode to Creative Mode]
[19:40:16] [Render thread/DEBUG] (com.mojang.blaze3d.systems.RenderSystem) Growing IndexBuffer: Old limit 0, new limit 144.
[19:40:33] [Render thread/DEBUG] (com.mojang.blaze3d.vertex.ByteBufferBuilder) Needed to grow BufferBuilder buffer: Old size 1536 bytes, new size 3072 bytes.
[19:40:33] [Render thread/DEBUG] (com.mojang.blaze3d.vertex.ByteBufferBuilder) Needed to grow BufferBuilder buffer: Old size 3072 bytes, new size 6144 bytes.
[19:40:33] [Render thread/INFO] (net.minecraft.client.renderer.DynamicUniformStorage) Resizing Dynamic Transforms UBO, capacity limit of 8 reached during a single frame. New capacity will be 16.
[19:40:35] [Render thread/INFO] (net.minecraft.advancements.AdvancementTree) Loaded 4 advancements
[19:40:44] [Render thread/INFO] (net.minecraft.advancements.AdvancementTree) Loaded 5 advancements
[19:40:49] [Render thread/INFO] (net.minecraft.advancements.AdvancementTree) Loaded 19 advancements
[19:41:09] [Render thread/INFO] (net.minecraft.client.renderer.DynamicUniformStorage) Resizing Meteor - Mesh UBO, capacity limit of 16 reached during a single frame. New capacity will be 32.
[19:41:09] [Render thread/INFO] (net.minecraft.client.renderer.DynamicUniformStorage) Resizing Meteor - Mesh UBO, capacity limit of 32 reached during a single frame. New capacity will be 64.
[19:45:14] [Render thread/INFO] (net.minecraft.client.gui.components.ChatComponent) [System] [CHAT] Shamallow_ left the game
[19:45:14] [Render thread/INFO] (Meteor Client) Saving
[19:45:14] [Render thread/INFO] (Meteor Client) Saved in 71 milliseconds.
[19:45:14] [Render thread/WARN] (net.minecraft.client.multiplayer.ClientCommonPacketListenerImpl) Client disconnected with reason: Disconnected
[19:45:24] [IO-Worker-1/DEBUG] (com.mojang.authlib.minecraft.client.MinecraftClient) Connecting to https://api.minecraftservices.com/privacy/blocklist
[19:45:24] [Download-8/DEBUG] (com.mojang.authlib.minecraft.client.MinecraftClient) Connecting to https://api.minecraftservices.com/player/certificates
[19:45:24] [Render thread/INFO] (net.minecraft.client.gui.screens.ConnectScreen) Connecting to 10.148.101.192, 52270
[19:45:24] [Download-8/ERROR] (net.minecraft.client.multiplayer.AccountProfileKeyPairManager) Failed to retrieve profile key pair
com.mojang.authlib.exceptions.MinecraftClientHttpException: Status: 401
	at knot//com.mojang.authlib.minecraft.client.MinecraftClient.readInputStream(MinecraftClient.java:103)
	at knot//com.mojang.authlib.minecraft.client.MinecraftClient.post(MinecraftClient.java:64)
	at knot//com.mojang.authlib.yggdrasil.YggdrasilUserApiService.getKeyPair(YggdrasilUserApiService.java:61)
	at knot//net.minecraft.client.multiplayer.AccountProfileKeyPairManager.fetchProfileKeyPair(AccountProfileKeyPairManager.java:128)
	at knot//net.minecraft.client.multiplayer.AccountProfileKeyPairManager.method_44291(AccountProfileKeyPairManager.java:77)
	at java.base/java.util.concurrent.CompletableFuture$AsyncSupply.run(CompletableFuture.java:1768)
	at java.base/java.util.concurrent.ThreadPoolExecutor.runWorker(ThreadPoolExecutor.java:1144)
	at java.base/java.util.concurrent.ThreadPoolExecutor$Worker.run(ThreadPoolExecutor.java:642)
	at java.base/java.lang.Thread.run(Thread.java:1583)
[19:45:26] [Server Connector #2/ERROR] (net.minecraft.client.gui.screens.ConnectScreen) Couldn't connect to server
io.netty.channel.AbstractChannel$AnnotatedConnectException: Connection refused: getsockopt: /10.148.101.192:52270
	Suppressed: java.util.concurrent.CompletionException: Rethrowing promise failure cause
		at knot//io.netty.util.concurrent.DefaultPromise.rethrowIfFailed(DefaultPromise.java:686)
		at knot//io.netty.util.concurrent.DefaultPromise.syncUninterruptibly(DefaultPromise.java:427)
		at knot//io.netty.channel.DefaultChannelPromise.syncUninterruptibly(DefaultChannelPromise.java:125)
		at knot//io.netty.channel.DefaultChannelPromise.syncUninterruptibly(DefaultChannelPromise.java:30)
		at knot//net.minecraft.client.gui.screens.ConnectScreen$1.run(ConnectScreen.java:115)
Caused by: java.net.ConnectException: Connection refused: getsockopt
	at java.base/sun.nio.ch.Net.pollConnect(Native Method)
	at java.base/sun.nio.ch.Net.pollConnectNow(Net.java:682)
	at java.base/sun.nio.ch.SocketChannelImpl.finishConnect(SocketChannelImpl.java:973)
	at knot//io.netty.channel.socket.nio.NioSocketChannel.doFinishConnect(NioSocketChannel.java:330)
	at knot//io.netty.channel.nio.AbstractNioChannel$AbstractNioUnsafe.finishConnect(AbstractNioChannel.java:384)
	at knot//io.netty.channel.nio.AbstractNioChannel$AbstractNioUnsafe.handle(AbstractNioChannel.java:432)
	at knot//io.netty.channel.nio.NioIoHandler$DefaultNioRegistration.handle(NioIoHandler.java:388)
	at knot//io.netty.channel.nio.NioIoHandler.processSelectedKey(NioIoHandler.java:596)
	at knot//io.netty.channel.nio.NioIoHandler.processSelectedKeysOptimized(NioIoHandler.java:571)
	at knot//io.netty.channel.nio.NioIoHandler.processSelectedKeys(NioIoHandler.java:512)
	at knot//io.netty.channel.nio.NioIoHandler.run(NioIoHandler.java:484)
	at knot//io.netty.channel.SingleThreadIoEventLoop.runIo(SingleThreadIoEventLoop.java:225)
	at knot//io.netty.channel.SingleThreadIoEventLoop.run(SingleThreadIoEventLoop.java:196)
	at knot//io.netty.util.concurrent.SingleThreadEventExecutor$5.run(SingleThreadEventExecutor.java:1193)
	at knot//io.netty.util.internal.ThreadExecutorMap$2.run(ThreadExecutorMap.java:74)
	at java.base/java.lang.Thread.run(Thread.java:1583)
[19:45:47] [IO-Worker-1/DEBUG] (com.mojang.authlib.minecraft.client.MinecraftClient) Connecting to https://api.minecraftservices.com/privacy/blocklist
[19:45:47] [Download-8/DEBUG] (com.mojang.authlib.minecraft.client.MinecraftClient) Connecting to https://api.minecraftservices.com/player/certificates
[19:45:47] [Render thread/INFO] (net.minecraft.client.gui.screens.ConnectScreen) Connecting to 10.148.101.192, 60627
[19:45:47] [IO-Worker-3/DEBUG] (com.mojang.authlib.minecraft.client.MinecraftClient) Connecting to https://sessionserver.mojang.com/session/minecraft/join
[19:45:47] [Download-8/ERROR] (net.minecraft.client.multiplayer.AccountProfileKeyPairManager) Failed to retrieve profile key pair
com.mojang.authlib.exceptions.MinecraftClientHttpException: Status: 401
	at knot//com.mojang.authlib.minecraft.client.MinecraftClient.readInputStream(MinecraftClient.java:103)
	at knot//com.mojang.authlib.minecraft.client.MinecraftClient.post(MinecraftClient.java:64)
	at knot//com.mojang.authlib.yggdrasil.YggdrasilUserApiService.getKeyPair(YggdrasilUserApiService.java:61)
	at knot//net.minecraft.client.multiplayer.AccountProfileKeyPairManager.fetchProfileKeyPair(AccountProfileKeyPairManager.java:128)
	at knot//net.minecraft.client.multiplayer.AccountProfileKeyPairManager.method_44291(AccountProfileKeyPairManager.java:77)
	at java.base/java.util.concurrent.CompletableFuture$AsyncSupply.run(CompletableFuture.java:1768)
	at java.base/java.util.concurrent.ThreadPoolExecutor.runWorker(ThreadPoolExecutor.java:1144)
	at java.base/java.util.concurrent.ThreadPoolExecutor$Worker.run(ThreadPoolExecutor.java:642)
	at java.base/java.lang.Thread.run(Thread.java:1583)
[19:45:47] [IO-Worker-3/WARN] (net.minecraft.client.multiplayer.ClientHandshakePacketListenerImpl) Failed to log in: Invalid session (Try restarting your game and the launcher)
[19:45:47] [Render thread/DEBUG] (net.fabricmc.fabric.impl.resource.pack.ModPackResourcesUtil) [Fabric] Starting internal pack sorting with: []
[19:45:47] [Render thread/DEBUG] (net.fabricmc.fabric.impl.resource.pack.ModPackResourcesUtil) [Fabric] Removed all internal packs, result: []
[19:45:47] [Render thread/DEBUG] (net.fabricmc.fabric.impl.resource.pack.ModPackResourcesUtil) [Fabric] Final sorting result: []
[19:45:47] [Render thread/DEBUG] (net.fabricmc.fabric.impl.resource.pack.ModPackResourcesUtil) [Fabric] Starting internal pack sorting with: [vanilla]
[19:45:47] [Render thread/DEBUG] (net.fabricmc.fabric.impl.resource.pack.ModPackResourcesUtil) [Fabric] Removed all internal packs, result: [vanilla]
[19:45:47] [Render thread/DEBUG] (net.fabricmc.fabric.impl.resource.pack.ModPackResourcesUtil) [Fabric] Final sorting result: [vanilla]
[19:45:48] [Download-8/DEBUG] (com.mojang.authlib.minecraft.client.MinecraftClient) Connecting to https://api.minecraftservices.com/player/certificates
[19:45:48] [Render thread/INFO] (net.minecraft.advancements.AdvancementTree) Loaded 19 advancements
[19:45:48] [Download-8/ERROR] (net.minecraft.client.multiplayer.AccountProfileKeyPairManager) Failed to retrieve profile key pair
com.mojang.authlib.exceptions.MinecraftClientHttpException: Status: 401
	at knot//com.mojang.authlib.minecraft.client.MinecraftClient.readInputStream(MinecraftClient.java:103)
	at knot//com.mojang.authlib.minecraft.client.MinecraftClient.post(MinecraftClient.java:64)
	at knot//com.mojang.authlib.yggdrasil.YggdrasilUserApiService.getKeyPair(YggdrasilUserApiService.java:61)
	at knot//net.minecraft.client.multiplayer.AccountProfileKeyPairManager.fetchProfileKeyPair(AccountProfileKeyPairManager.java:128)
	at knot//net.minecraft.client.multiplayer.AccountProfileKeyPairManager.method_44291(AccountProfileKeyPairManager.java:77)
	at java.base/java.util.concurrent.CompletableFuture$AsyncSupply.run(CompletableFuture.java:1768)
	at java.base/java.util.concurrent.ThreadPoolExecutor.runWorker(ThreadPoolExecutor.java:1144)
	at java.base/java.util.concurrent.ThreadPoolExecutor$Worker.run(ThreadPoolExecutor.java:642)
	at java.base/java.lang.Thread.run(Thread.java:1583)
[19:47:41] [Render thread/INFO] (net.minecraft.client.gui.components.ChatComponent) [System] [CHAT] [Shamallow_: Teleported Shamallow_ to 0.500000, 167.000000, 0.500000]
[19:48:16] [Render thread/INFO] (net.minecraft.client.gui.components.ChatComponent) [System] [CHAT] [Meteor] Added Shamallow_ to friends.
[19:48:19] [Render thread/INFO] (net.minecraft.client.gui.components.ChatComponent) [System] [CHAT] [Meteor] [Stasis Protection] Unrequested teleport, 458 blocks. Checking who is here.
[19:48:22] [Render thread/INFO] (net.minecraft.client.gui.components.ChatComponent) [System] [CHAT] [Meteor] [Stasis Protection] Nobody turned up. Staying put.
[19:51:42] [Render thread/INFO] (net.minecraft.client.gui.components.ChatComponent) [System] [CHAT] [Meteor] [Stasis Protection] Unrequested teleport, 66 blocks. Checking who is here.
[19:51:44] [Render thread/INFO] (net.minecraft.client.gui.components.ChatComponent) [System] [CHAT] [Meteor] [Stasis Protection] Nobody turned up. Staying put.
[19:51:55] [Render thread/INFO] (net.minecraft.client.gui.components.ChatComponent) [System] [CHAT] [Meteor] [Stasis Protection] Unrequested teleport, 47 blocks. Checking who is here.
[19:51:58] [Render thread/INFO] (net.minecraft.client.gui.components.ChatComponent) [System] [CHAT] [Meteor] [Stasis Protection] Nobody turned up. Staying put.
[19:52:02] [Render thread/INFO] (net.minecraft.client.gui.components.ChatComponent) [System] [CHAT] [Meteor] [Stasis Protection] Unrequested teleport, 53 blocks. Checking who is here.
[19:52:04] [Render thread/INFO] (net.minecraft.client.gui.components.ChatComponent) [System] [CHAT] [Meteor] [Stasis Protection] Nobody turned up. Staying put.
[19:52:14] [Render thread/INFO] (net.minecraft.client.gui.components.ChatComponent) [System] [CHAT] [Meteor] [Stasis Protection] Unrequested teleport, 53 blocks. Checking who is here.
[19:52:17] [Render thread/INFO] (net.minecraft.client.gui.components.ChatComponent) [System] [CHAT] [Meteor] [Stasis Protection] Nobody turned up. Staying put.
[19:52:23] [Render thread/INFO] (net.minecraft.client.gui.components.ChatComponent) [System] [CHAT] [Meteor] [Stasis Protection] Unrequested teleport, 65 blocks. Checking who is here.
[19:52:25] [Render thread/INFO] (net.minecraft.client.gui.components.ChatComponent) [System] [CHAT] [Meteor] [Stasis Protection] Nobody turned up. Staying put.
[19:52:33] [Render thread/INFO] (net.minecraft.client.gui.components.ChatComponent) [System] [CHAT] [Meteor] [Stasis Protection] Unrequested teleport, 65 blocks. Checking who is here.
[19:52:36] [Render thread/INFO] (net.minecraft.client.gui.components.ChatComponent) [System] [CHAT] [Meteor] [Stasis Protection] Nobody turned up. Staying put.
[19:53:12] [Render thread/INFO] (net.minecraft.client.Minecraft) Stopping!
[19:53:12] [Render thread/INFO] (Meteor Client) Saving
[19:53:12] [Render thread/INFO] (Meteor Client) Saved in 26 milliseconds.
[19:53:12] [Thread-6/INFO] (Meteor Client) Saving
